"id","docid","title","pubdate","type","author","majlang","collection_id","url"
1,"000058333_2","Varieties in Prose","1893-01-01",NULL,"Allingham, William","eng",1,"https://historicaltexts.jisc.ac.uk/bl-000058333-02"
2,"000116525_1","Nelly Armstrong: a story of the day. By the author of “Rose Douglas” [i.e. S. R. Whitehead]","1853-01-01",NULL,"Armstrong, Nelly","eng",1,"https://historicaltexts.jisc.ac.uk/bl-000116525-01"
3,"000116525_2","Nelly Armstrong: a story of the day. By the author of “Rose Douglas” [i.e. S. R. Whitehead]","1853-01-01",NULL,"Armstrong, Nelly","eng",1,"https://historicaltexts.jisc.ac.uk/bl-000116525-02"
4,"000155010","Braes o' Balquhidder. A novel","1896-01-01",NULL,"Aytoun, Douglas","eng",1,"https://historicaltexts.jisc.ac.uk/bl-000155010"
5,"000171405","England from a Back-Window; with views of Scotland and Ireland","1879-01-01",NULL,"Bailey, James Montgomery","eng",1,"https://historicaltexts.jisc.ac.uk/bl-000171405"
6,"000240159","Secretar. Founded on the story of the Casket Letters","1897-01-01",NULL,"Beatty, W.","eng",1,"https://historicaltexts.jisc.ac.uk/bl-000240159"
7,"000247793","A Tour in Tartan-Land","1863-01-01",NULL,"Bede, Cuthbert","eng",1,"https://historicaltexts.jisc.ac.uk/bl-000247793"
8,"000300859_1","Story of a Stolen Heir. A novel","1858-01-01",NULL,"Bertram, James Glass","eng",1,"https://historicaltexts.jisc.ac.uk/bl-000300859-01"
9,"000300859_2","Story of a Stolen Heir. A novel","1858-01-01",NULL,"Bertram, James Glass","eng",1,"https://historicaltexts.jisc.ac.uk/bl-000300859-02"
10,"000300859_3","Story of a Stolen Heir. A novel","1858-01-01",NULL,"Bertram, James Glass","eng",1,"https://historicaltexts.jisc.ac.uk/bl-000300859-03"
11,"000495295","Early Travellers in Scotland. Edited by P. Hume Brown. [With maps.]","1891-01-01",NULL,"Brown, Peter Hume","eng",1,"https://historicaltexts.jisc.ac.uk/bl-000495295"
12,"000582149","House of Achendaroch. An old maid's story","1878-01-01",NULL,"Cameron, Mary Emily","eng",1,"https://historicaltexts.jisc.ac.uk/bl-000582149"
13,"000584472","Deilie Jock","1897-01-01",NULL,"Campbell, C. M.","eng",1,"https://historicaltexts.jisc.ac.uk/bl-000584472"
14,"000638170","Hanleys; or, Wheels within wheels",NULL,NULL,"Caumont, Mary","eng",1,"https://historicaltexts.jisc.ac.uk/bl-000638170"
15,"000652638","Renegade. A novel","1895-01-01",NULL,"Chalmers, James","eng",1,"https://historicaltexts.jisc.ac.uk/bl-000652638"
16,"000736158","Abroad. Journal of a tour through Great Britain and on the Continent","1868-01-01",NULL,"Coghill, James Henry","eng",1,"https://historicaltexts.jisc.ac.uk/bl-000736158"
17,"000741438","Curly. An actor's story, related by J. Coleman, etc","1885-01-01",NULL,"Coleman, John","eng",1,"https://historicaltexts.jisc.ac.uk/bl-000741438"
18,"000753498","A Bit of the Tartan; or, Two fragments of romance","1895-01-01",NULL,"Colquhoun, Frances Mary","eng",1,"https://historicaltexts.jisc.ac.uk/bl-000753498"
19,"000772835","A Holiday Tour in Europe. Described in a series of letters written for The Public Ledger, etc","1879-01-01",NULL,"Cook, Joel","eng",1,"https://historicaltexts.jisc.ac.uk/bl-000772835"
20,"000784543","A Knight Templar abroad; or, Reminiscences of travel beyond the sea","1885-01-01",NULL,"Cord, W. Harlan","eng",1,"https://historicaltexts.jisc.ac.uk/bl-000784543"
21,"000805687","In the Western Highlands of Scotland, and holiday notes at Scarborough","1890-01-01",NULL,"Cowley, Percy Tunnicliff","eng",1,"https://historicaltexts.jisc.ac.uk/bl-000805687"
22,"000821608","The Black Douglas ... Second impression.","1899-01-01",NULL,"Crockett, Samuel Rutherford","eng",1,"https://historicaltexts.jisc.ac.uk/bl-000821608"
23,"000821611","Bog-Myrtle and Peat. Tales, chiefly of Galloway, gathered from the years 1889 to 1895","1895-01-01",NULL,"Crockett, Samuel Rutherford","eng",1,"https://historicaltexts.jisc.ac.uk/bl-000821611"
24,"000821617","Cleg Kelly, Arab of the City","1896-01-01",NULL,"Crockett, Samuel Rutherford","eng",1,"https://historicaltexts.jisc.ac.uk/bl-000821617"
25,"000821642","Lilac Sunbonnet","1894-01-01",NULL,"Crockett, Samuel Rutherford","eng",1,"https://historicaltexts.jisc.ac.uk/bl-000821642"
26,"000821679","Stickit Minister, and some common men","1893-01-01",NULL,"Crockett, Samuel Rutherford","eng",1,"https://historicaltexts.jisc.ac.uk/bl-000821679"
27,"000874104","Miss Armstrong's, and other circumstances. [Tales.]","1896-01-01",NULL,"Davidson, John","eng",1,"https://historicaltexts.jisc.ac.uk/bl-000874104"
28,"000929531","Cleekim Inn. A tale of smuggling in the '45","1896-01-01",NULL,"Dibdin, James C.","eng",1,"https://historicaltexts.jisc.ac.uk/bl-000929531"
29,"000935263","Letters from Paris and other Cities of France, Holland, &c. written during a tour and residence in these countries, in the years, 1816, 17, 18, 19, and 20, with remarks on the conduct of the Ultra-Royalists since the Restoration","1821-01-01",NULL,"Didier, Franklin James","eng",1,"https://historicaltexts.jisc.ac.uk/bl-000935263"
30,"000976404","Bloom of Faded Years. [A novel.]","1896-01-01",NULL,"Downe, Walmer","eng",1,"https://historicaltexts.jisc.ac.uk/bl-000976404"
31,"000976405","By Shamrock and Heather. [A tale.]","1898-01-01",NULL,"Downe, Walmer","eng",1,"https://historicaltexts.jisc.ac.uk/bl-000976405"
32,"000977501","A Duet, with an occasional chorus. [A tale.]","1899-01-01",NULL,"Doyle, Arthur Conan","eng",1,"https://historicaltexts.jisc.ac.uk/bl-000977501"
33,"001014168","Observations in Europe, principally in France and Great Britain",NULL,NULL,"Durbin, John Price","eng",1,"https://historicaltexts.jisc.ac.uk/bl-001014168"
34,"001187143","Sparks from a Locomotive; or Life and Liberty in Europe. By the author of “Belle Brittan's Letters.” [The dedication signed, H. F., i.e. H. Fuller.]","1859-01-01",NULL,"Fuller, Hiram","eng",1,"https://historicaltexts.jisc.ac.uk/bl-001187143"
35,"001335326","Night-Lights. Shadows from a doctor's reading-lamp","1895-01-01",NULL,"Frost, Arthur Broadfield","eng",1,"https://historicaltexts.jisc.ac.uk/bl-001335326"
36,"001345638","A Traveller's Notes, in Scotland, Belgium, Devonshire, the Channel Islands, the Mediterranean, France, Somersetshire, Cornwall, the Scilly Isles, Wilts, and Dorsetshire, in 1866. [By H. G.]","1867-01-01",NULL,"G., H.","eng",1,"https://historicaltexts.jisc.ac.uk/bl-001345638"
37,"001417265","Rambles in Europe in 1839. With sketches of prominent surgeons, physicians, medical schools, hospitals, literary personages, scenery, etc","1841-01-01",NULL,"Gibson, William","eng",1,"https://historicaltexts.jisc.ac.uk/bl-001417265"
38,"001436878","World: round it and over it ... letters ... With illustrations ... Second edition","1881-01-01",NULL,"Glass, Chester","eng",1,"https://historicaltexts.jisc.ac.uk/bl-001436878"
39,"001488161","Jane Seton: or, the Kings Advocate. A Scottish historical romance","1853-01-01",NULL,"Grant, James","eng",1,"https://historicaltexts.jisc.ac.uk/bl-001488161"
40,"001488209","Romance of War ... New edition",NULL,NULL,"Grant, James","eng",1,"https://historicaltexts.jisc.ac.uk/bl-001488209"
41,"001521307","Kriegspiel: the War-Game. [A novel.]","1896-01-01",NULL,"Groome, Francis Hindes","eng",1,"https://historicaltexts.jisc.ac.uk/bl-001521307"
42,"001538563","Over the Ocean; or, Sights and Scenes in Foreign Lands","1871-01-01",NULL,"Guild, Curtis","eng",1,"https://historicaltexts.jisc.ac.uk/bl-001538563"
43,"001564114","Here and there in the Home Land. England, Scotland and Ireland as seen by a Canadian. ... Profusely illustrated","1895-01-01",NULL,"Haight, Canniff","eng",1,"https://historicaltexts.jisc.ac.uk/bl-001564114"
44,"001593909","Within a mile o' Edinburgh Town","1886-01-01",NULL,"Hardy, Robina F.","eng",1,"https://historicaltexts.jisc.ac.uk/bl-001593909"
45,"001595457","A Voyage round Great Britain; with short views of Aberdeen, Balmoral, ... Fécamp, Havre and Paris","1884-01-01",NULL,"Hargreaves, Thomas","eng",1,"https://historicaltexts.jisc.ac.uk/bl-001595457"
46,"001623346_2","Passages from the English Note-books of Nathaniel Hawthorne. [Edited by S. H., i.e. Sophia Hawthorne.]","1870-01-01",NULL,"Hawthorne, Nathaniel","eng",1,"https://historicaltexts.jisc.ac.uk/bl-001623346-02"
47,"001680261","Notes by the Way; or, what I saw in my rambles","1890-01-01",NULL,"Higginson, H. Talbot","eng",1,"https://historicaltexts.jisc.ac.uk/bl-001680261"
48,"001766267","Great Britain, France and Belgium: a short tour in 1835","1838-01-01",NULL,"Humphrey, Heman","eng",1,"https://historicaltexts.jisc.ac.uk/bl-001766267"
49,"001772207","A brief account of a tour through some parts of Scotland","1839-01-01",NULL,"Hunter, Robert","eng",1,"https://historicaltexts.jisc.ac.uk/bl-001772207"
50,"000106976","Diary of an Overland Journey from Bombay to England, and of a year's residence in Great Britain","1840-01-01",NULL,"Khurshed-ji, Ardsher","eng",1,"https://historicaltexts.jisc.ac.uk/bl-000106976"
51,"001975511","Tours in Scotland 1677 & 1681. By T. Kirk and R. Thoresby. Edited by P. Hume Brown","1892-01-01",NULL,"Kirk, Thomas","eng",1,"https://historicaltexts.jisc.ac.uk/bl-001975511"
52,"001999307","Travels in Scotland: translated from the German. With notes by the translator [John Kesson]","1844-01-01",NULL,"Kohl, Johann Georg","eng",1,"https://historicaltexts.jisc.ac.uk/bl-001999307"
53,"002059679","Recollections of a Visit to Glasgow with the British Archæological Associations, August 27th to September 5th, 1888. With notes","1891-01-01",NULL,"Lambert, George","eng",1,"https://historicaltexts.jisc.ac.uk/bl-002059679"
54,"002122199","A second series of Curious storied traditions of Scottish life","1861-01-01",NULL,"Leighton, Alexander","eng",1,"https://historicaltexts.jisc.ac.uk/bl-002122199"
55,"002122202","Mysterious Legends of Edinburgh, etc","1864-01-01",NULL,"Leighton, Alexander","eng",1,"https://historicaltexts.jisc.ac.uk/bl-002122202"
56,"002201974","New North Church, Edinburgh","1893-01-01",NULL,"Livingston, Josiah","eng",1,"https://historicaltexts.jisc.ac.uk/bl-002201974"
57,"002201975","Our Street. Memories of Buccleuch Place","1893-01-01",NULL,"Livingston, Josiah","eng",1,"https://historicaltexts.jisc.ac.uk/bl-002201975"
58,"002315194","Brought to Bay; or, Experiences of a City Detective","1878-01-01",NULL,"Macgovan, James","eng",1,"https://historicaltexts.jisc.ac.uk/bl-002315194"
59,"002315201","Solved Mysteries; or, Revelations of a City Detective",NULL,NULL,"Macgovan, James","eng",1,"https://historicaltexts.jisc.ac.uk/bl-002315201"
60,"002315203","Traced and Tracked; or, Memoirs of a City Detective, etc","1884-01-01",NULL,"Macgovan, James","eng",1,"https://historicaltexts.jisc.ac.uk/bl-002315203"
61,"002327477","Journal of a Residence in Scotland, and Tour through England, France, Germany, Switzerland and Italy. With a memoir of the author and extracts from his religious papers. ... Compiled by I. MacLellan, Jr","1834-01-01",NULL,"Maclellan, Henry B.","eng",1,"https://historicaltexts.jisc.ac.uk/bl-002327477"
62,"002377152","Ruth Farmer. A story","1896-01-01",NULL,"Marchbank, Agnes","eng",1,"https://historicaltexts.jisc.ac.uk/bl-002377152"
63,"002454894_2","Queen's Maries. A romance of Holyrood","1862-01-01",NULL,"Melville, George John Whyte","eng",1,"https://historicaltexts.jisc.ac.uk/bl-002454894-02"
64,"002525206","Provost-Marshal: a romance of the middle shires","1896-01-01",NULL,"Moncreiff, Frederick Charles","eng",1,"https://historicaltexts.jisc.ac.uk/bl-002525206"
65,"002547751","Over-Sea; or, England, France and Scotland as seen by a live American ... With numerous illustrations, etc","1867-01-01",NULL,"Morford, Henry","eng",1,"https://historicaltexts.jisc.ac.uk/bl-002547751"
66,"002557311","Rambles in Europe ... With historical facts relating to Scotch-American families, gathered in Scotland and the North of Ireland ... Illustrated","1888-01-01",NULL,"Morrison, Leonard Allison","eng",1,"https://historicaltexts.jisc.ac.uk/bl-002557311"
67,"002690995","Out of her Shroud. [A novel.]","1897-01-01",NULL,"Ochiltree, Henry","eng",1,"https://historicaltexts.jisc.ac.uk/bl-002690995"
68,"002709091","Story of Maurice Lestrange. Being an account of his travels and adventures in Scotland during the year 1765. [A tale.]","1896-01-01",NULL,"Omond, George William Thomson","eng",1,"https://historicaltexts.jisc.ac.uk/bl-002709091"
69,"001315204","Fraud and Friendship; or the orphan and the foundling of the King's printing-house. An Edinburgh tale. By the author of “Jessie Melville,” etc. [David Pae.]","1857-01-01",NULL,"Pae, David","eng",1,"https://historicaltexts.jisc.ac.uk/bl-001315204"
70,"002927158","White House at Inch Gow, etc. [A tale.]","1891-01-01",NULL,"Pitt, Sarah","eng",1,"https://historicaltexts.jisc.ac.uk/bl-002927158"
71,"003036186_1","Andrew Ramsay, of Errol. [A novel.] By the author of “John Arnold” [i.e. William Wilson, Minister at Etal.]","1865-01-01",NULL,"Ramsay, Andrew","eng",1,"https://historicaltexts.jisc.ac.uk/bl-003036186-01"
72,"003048570_1","Aground in the Shallows. A novel","1879-01-01",NULL,"Ray, Catherine","eng",1,"https://historicaltexts.jisc.ac.uk/bl-003048570-01"
73,"003051818","Christie Johnstone. A novel.","1857-01-01",NULL,"Reade, Charles","eng",1,"https://historicaltexts.jisc.ac.uk/bl-003051818"
74,"003065635","Art Rambles in the Highlands and Islands of Scotland ... With ... sketches, etc","1878-01-01",NULL,"Reid, John T.","eng",1,"https://historicaltexts.jisc.ac.uk/bl-003065635"
75,"003135275","Journal of a Summer Tour in the Perthshire and Inverness-shire Highlands","1898-01-01",NULL,"Roger, James Cruikshank","eng",1,"https://historicaltexts.jisc.ac.uk/bl-003135275"
76,"003193748","Reminiscences of Yarrow. Edited and annotated by ... Professor Veitch, LL.D. Illustrated by Tom Scott ... Second edition","1894-01-01",NULL,"Russell, James","eng",1,"https://historicaltexts.jisc.ac.uk/bl-003193748"
82,"003318070","Tales of a Grandfather ... [ser. 1-3.] With notes","1865-01-01",NULL,"Scott, Walter","eng",1,"https://historicaltexts.jisc.ac.uk/bl-003318070"
83,"003318480","Bonnie Hills o'Hame, and other gems. [Verses.]",NULL,NULL,"Scott, William","eng",1,"https://historicaltexts.jisc.ac.uk/bl-003318480"
84,"003344036","Robert Urquhart. [A novel.]","1896-01-01",NULL,"Setoun, Gabriel","eng",1,"https://historicaltexts.jisc.ac.uk/bl-003344036"
85,"003386359_1","Haco the Dreamer: a tale of Scotch University life","1884-01-01",NULL,"Sime, William","eng",1,"https://historicaltexts.jisc.ac.uk/bl-003386359-01"
86,"003386359_2","Haco the Dreamer: a tale of Scotch University life","1884-01-01",NULL,"Sime, William","eng",1,"https://historicaltexts.jisc.ac.uk/bl-003386359-02"
87,"003410436","By Adverse Winds. [A novel.]","1895-01-01",NULL,"Smeaton, William Henry Oliphant","eng",1,"https://historicaltexts.jisc.ac.uk/bl-003410436"
88,"003410448","Our Laddie","1897-01-01",NULL,"Smeaton, William Henry Oliphant","eng",1,"https://historicaltexts.jisc.ac.uk/bl-003410448"
89,"003412905_1","A Summer in Skye","1865-01-01",NULL,"Smith, Alexander","eng",1,"https://historicaltexts.jisc.ac.uk/bl-003412905-01"
90,"003495507","Cruciform Mark. The strange story of Richard Tregenna, etc","1896-01-01",NULL,"Stephens, Riccardo","eng",1,"https://historicaltexts.jisc.ac.uk/bl-003495507"
91,"003501018_21","Works of R. L. Stevenson. (Edinburgh edition.) [Edited by Sidney Colvin.]","1894-01-01",NULL,"Stevenson, Robert Louis","eng",1,"https://historicaltexts.jisc.ac.uk/bl-003501018-21"
92,"003501018_22","Works of R. L. Stevenson. (Edinburgh edition.) [Edited by Sidney Colvin.]","1894-01-01",NULL,"Stevenson, Robert Louis","eng",1,"https://historicaltexts.jisc.ac.uk/bl-003501018-22"
93,"003501018_26","Works of R. L. Stevenson. (Edinburgh edition.) [Edited by Sidney Colvin.]","1894-01-01",NULL,"Stevenson, Robert Louis","eng",1,"https://historicaltexts.jisc.ac.uk/bl-003501018-26"
94,"003501018_27","Works of R. L. Stevenson. (Edinburgh edition.) [Edited by Sidney Colvin.]","1894-01-01",NULL,"Stevenson, Robert Louis","eng",1,"https://historicaltexts.jisc.ac.uk/bl-003501018-27"
95,"003501737","Weir of Hermiston. An unfinished romance. [With an editorial note signed, S. C., i.e. Sidney Colvin.]","1896-01-01",NULL,"Stevenson, Robert Louis","eng",1,"https://historicaltexts.jisc.ac.uk/bl-003501737"
96,"003523139","More Bits from Blinkbonny. ... Second edition","1885-01-01",NULL,"Strathesk, John","eng",1,"https://historicaltexts.jisc.ac.uk/bl-003523139"
97,"003602234","Rambles in the Old World","1894-01-01",NULL,"Terry, Milton Spenser","eng",1,"https://historicaltexts.jisc.ac.uk/bl-003602234"
98,"003645357","Scotland Picturesque and Traditional. A pilgrimage with staff and knapsack","1895-01-01",NULL,"Todd, George Eyre","eng",1,"https://historicaltexts.jisc.ac.uk/bl-003645357"
99,"003670521","Scotland, its faith and its features; or, a Visit to Blair Athol","1846-01-01",NULL,"Trench, Francis","eng",1,"https://historicaltexts.jisc.ac.uk/bl-003670521"
100,"003700249","The Diamond Rose: a life of love and duty.","1890-01-01",NULL,"Tytler, Sarah","eng",1,"https://historicaltexts.jisc.ac.uk/bl-003700249"
101,"003700282","Lady Jean's Son. A novel","1897-01-01",NULL,"Tytler, Sarah","eng",1,"https://historicaltexts.jisc.ac.uk/bl-003700282"
102,"003834480","A Question of Penmanship. Stories","1893-01-01",NULL,"Walford, Lucy Bethia","eng",1,"https://historicaltexts.jisc.ac.uk/bl-003834480"
103,"003852156_2","His Dearest Wish. A novel","1883-01-01",NULL,"Ware, Mary Clementina Hibbert","eng",1,"https://historicaltexts.jisc.ac.uk/bl-003852156-02"
104,"003902198","A journal of a residence ... in London; including excursions through various parts of England; and a short tour in France and Scotland; in the years 1823 and 1824","1830-01-01",NULL,"Wheaton, Nathaniel Sheldon","eng",1,"https://historicaltexts.jisc.ac.uk/bl-003902198"
105,"003920348","Penelope's Progress, etc. [A tale] chapters 8-11","1897-01-01",NULL,"Wiggin, Kate Douglas Smith","eng",1,"https://historicaltexts.jisc.ac.uk/bl-003920348"
106,"003943634","Memorials of Edinburgh in the olden time","1848-01-01",NULL,"Wilson, Daniel","eng",1,"https://historicaltexts.jisc.ac.uk/bl-003943634"
107,"003952456","Children's fairy geography, or a merry trip round Europe","1879-01-01",NULL,"Winslow, Forbes Edward","eng",1,"https://historicaltexts.jisc.ac.uk/bl-003952456"
108,"003954016","Gray Days and Gold ... New edition, revised, with illustrations","1896-01-01",NULL,"Winter, William","eng",1,"https://historicaltexts.jisc.ac.uk/bl-003954016"
109,"003957144_1","Lucy, Francis and Cousin Bill. A novel, etc","1892-01-01",NULL,"Wistan, Aden","eng",1,"https://historicaltexts.jisc.ac.uk/bl-003957144-01"
110,"003957144_2","Lucy, Francis and Cousin Bill. A novel, etc","1892-01-01",NULL,"Wistan, Aden","eng",1,"https://historicaltexts.jisc.ac.uk/bl-003957144-02"
111,"003957144_3","Lucy, Francis and Cousin Bill. A novel, etc","1892-01-01",NULL,"Wistan, Aden","eng",1,"https://historicaltexts.jisc.ac.uk/bl-003957144-03"
112,"yale.39002012672938","Summer in Scotland /","1848-01-01","Book","Abbott, Jacob","eng",2,"http://babel.hathitrust.org/cgi/pt?id=yale.39002012672938"
113,"loc.ark:/13960/t1jh43m8w","A summer in Scotland.","1848-01-01","Book","Abbott, Jacob","eng",2,"http://babel.hathitrust.org/cgi/pt?id=loc.ark:/13960/t1jh43m8w"
114,"uc2.ark:/13960/t0cv4c542","Greyfriars Bobby,","1912-01-01","Book","Atkinson, Eleanor (Stackhouse)","eng",2,"http://babel.hathitrust.org/cgi/pt?id=uc2.ark:/13960/t0cv4c542"
115,"yale.39002089541321","The historical works of Sir James Balfour.","1824-01-01","Book","Balfour, James","eng",2,"http://babel.hathitrust.org/cgi/pt?id=yale.39002089541321"
116,"uc2.ark:/13960/t85h7dm4b","To arms! :","1898-01-01","Book","Balfour, Andrew","eng",2,"http://babel.hathitrust.org/cgi/pt?id=uc2.ark:/13960/t85h7dm4b"
117,"uc2.ark:/13960/t7xk8hn0q","Forty years on the stage :","1914-01-01","Book","Barnes, J. H.","eng",2,"http://babel.hathitrust.org/cgi/pt?id=uc2.ark:/13960/t7xk8hn0q"
118,"uc2.ark:/13960/t2r49gj1d","The lone house,","1893-01-01","Book","Barr, Amelia Edith Huddleston","eng",2,"http://babel.hathitrust.org/cgi/pt?id=uc2.ark:/13960/t2r49gj1d"
119,"uc2.ark:/13960/t3319sn1t","Winter evening tales.","1896-01-01","Book","Barr, Amelia Edith Huddleston","eng",2,"http://babel.hathitrust.org/cgi/pt?id=uc2.ark:/13960/t3319sn1t"
120,"uc2.ark:/13960/t29885g9m","An Edinburgh eleven;","1892-01-01","Book","Barrie, J. M.","eng",2,"http://babel.hathitrust.org/cgi/pt?id=uc2.ark:/13960/t29885g9m"
121,"loc.ark:/13960/t3902n24v","A holiday in bed, and other sketches.","1892-01-01","Book","Barrie, J. M.","eng",2,"http://babel.hathitrust.org/cgi/pt?id=loc.ark:/13960/t3902n24v"
122,"uc2.ark:/13960/t4vh5rk4c","The little minister,","1898-01-01","Book","Barrie, J. M.","eng",2,"http://babel.hathitrust.org/cgi/pt?id=uc2.ark:/13960/t4vh5rk4c"
123,"uc2.ark:/13960/t5s75990c","Auld licht idylls.","1898-01-01","Book","Barrie, J. M.","eng",2,"http://babel.hathitrust.org/cgi/pt?id=uc2.ark:/13960/t5s75990c"
124,"loc.ark:/13960/t1bk2243v","Notes of foreign travel.","1891-01-01","Book","Bates, James Hale","eng",2,"http://babel.hathitrust.org/cgi/pt?id=loc.ark:/13960/t1bk2243v"
125,"loc.ark:/13960/t39z9p074","""Beatty's tour in Europe,"" in ""foreign lands,"" or ""Europe as I saw it,""","1880-01-01","Book","Beatty, Daniel F.","eng",2,"http://babel.hathitrust.org/cgi/pt?id=loc.ark:/13960/t39z9p074"
126,"loc.ark:/13960/t0rr2c15c","What the Duchess and I saw in Europe;","1896-01-01","Book","Beauchamp, Lou J.","eng",2,"http://babel.hathitrust.org/cgi/pt?id=loc.ark:/13960/t0rr2c15c"
127,"uc2.ark:/13960/t9d50j38j","The cage /","1911-01-01","Book","Begbie, Harold","eng",2,"http://babel.hathitrust.org/cgi/pt?id=uc2.ark:/13960/t9d50j38j"
128,"uc2.ark:/13960/t9m32s062","Forging his chains.","1888-01-01","Book","Bidwell, George","eng",2,"http://babel.hathitrust.org/cgi/pt?id=uc2.ark:/13960/t9m32s062"
129,"uc2.ark:/13960/t6qz2497f","'Broken stowage',","1922-01-01","Book","Bone, David W.","eng",2,"http://babel.hathitrust.org/cgi/pt?id=uc2.ark:/13960/t6qz2497f"
130,"uc2.ark:/13960/t6g15zw7n","The life of Samuel Johnson, LL. D. :","1830-01-01","Book","Boswell, James","eng",2,"http://babel.hathitrust.org/cgi/pt?id=uc2.ark:/13960/t6g15zw7n"
131,"loc.ark:/13960/t8kd2rc5m","The journal of a tour to the Hebrides, with Samuel Johnson, L.L.D. /","1810-01-01","Book","Boswell, James","eng",2,"http://babel.hathitrust.org/cgi/pt?id=loc.ark:/13960/t8kd2rc5m"
132,"yale.39002007555320","Journal of a tour through the Highlands of Scotland during the summer of MDCCCXXIX.","1830-01-01","Book","Botfield, Beriah","eng",2,"http://babel.hathitrust.org/cgi/pt?id=yale.39002007555320"
133,"uc2.ark:/13960/t11n8b459","St. Andrews and elsewhere;","1894-01-01","Book","Boyd, Andrew Kennedy Hutchison","eng",2,"http://babel.hathitrust.org/cgi/pt?id=uc2.ark:/13960/t11n8b459"
134,"uc2.ark:/13960/t76t0n51f","The world's best essays, from the earliest period to the present time;","1900-01-01","Book","Brewer, David J.","eng",2,"http://babel.hathitrust.org/cgi/pt?id=uc2.ark:/13960/t76t0n51f"
135,"loc.ark:/13960/t9b57f46t","Murmurings from rugged waters.","1901-01-01","Book","Broomfield, James Polwarth","eng",2,"http://babel.hathitrust.org/cgi/pt?id=loc.ark:/13960/t9b57f46t"
136,"loc.ark:/13960/t4sj2ch2j","Spare hours...","1862-01-01","Book","Brown, John","eng",2,"http://babel.hathitrust.org/cgi/pt?id=loc.ark:/13960/t4sj2ch2j"
137,"loc.ark:/13960/t5cc1wp1z","Spare hours...","1866-01-01","Book","Brown, John","eng",2,"http://babel.hathitrust.org/cgi/pt?id=loc.ark:/13960/t5cc1wp1z"
138,"uiuo.ark:/13960/t6k07pc12","London, or, A month at Steven's /","1819-01-01","Book","Brown, Thomas","eng",2,"http://babel.hathitrust.org/cgi/pt?id=uiuo.ark:/13960/t6k07pc12"
139,"loc.ark:/13960/t7kp8g06m","Rab and his friends.","1859-01-01","Book","Brown, John","eng",2,"http://babel.hathitrust.org/cgi/pt?id=loc.ark:/13960/t7kp8g06m"
140,"uc2.ark:/13960/t8rb71q8m","The house with the green shutters,","1902-01-01","Book","Brown, George Douglas","eng",2,"http://babel.hathitrust.org/cgi/pt?id=uc2.ark:/13960/t8rb71q8m"
141,"loc.ark:/13960/t21c2hw6z","Sights and sensations in Europe :","1871-01-01","Book","Browne, Junius Henri","eng",2,"http://babel.hathitrust.org/cgi/pt?id=loc.ark:/13960/t21c2hw6z"
142,"loc.ark:/13960/t7wm1zj7h","The battle of the Somme,","1917-01-01","Book","Buchan, John","eng",2,"http://babel.hathitrust.org/cgi/pt?id=loc.ark:/13960/t7wm1zj7h"
143,"loc.ark:/13960/t53f58520","Two months in Europe;","1879-01-01","Book","Burchard, O. R.","eng",2,"http://babel.hathitrust.org/cgi/pt?id=loc.ark:/13960/t53f58520"
144,"loc.ark:/13960/t3dz0sk61","Sylvander and Clarinda;","1917-01-01","Book","Burns, Robert","eng",2,"http://babel.hathitrust.org/cgi/pt?id=loc.ark:/13960/t3dz0sk61"
145,"loc.ark:/13960/t4pk0xn8h","The complete poetical and prose works of Robert Burns:","1859-01-01","Book","Burns, Robert","eng",2,"http://babel.hathitrust.org/cgi/pt?id=loc.ark:/13960/t4pk0xn8h"
146,"uc2.ark:/13960/t4hm5619x","Narratives from criminal trials in Scotland.","1852-01-01","Book","Burton, John Hill","eng",2,"http://babel.hathitrust.org/cgi/pt?id=uc2.ark:/13960/t4hm5619x"
147,"loc.ark:/13960/t89g65d86","A bachelor's rambles through the British Isles.","1895-01-01","Book","Butler, Charles J.","eng",2,"http://babel.hathitrust.org/cgi/pt?id=loc.ark:/13960/t89g65d86"
148,"uc2.ark:/13960/t56d5wx1d","A journey from Edinburgh through parts of North Britain:","1802-01-01","Book","Campbell, Alexander","eng",2,"http://babel.hathitrust.org/cgi/pt?id=uc2.ark:/13960/t56d5wx1d"
149,"loc.ark:/13960/t0gt63t91","Letters and memorials of Jane Welsh Carlyle.","1883-01-01","Book","Carlyle, Jane Welsh","eng",2,"http://babel.hathitrust.org/cgi/pt?id=loc.ark:/13960/t0gt63t91"
150,"loc.ark:/13960/t6543cq8b","Reminiscences","1881-01-01","Book","Carlyle, Thomas","eng",2,"http://babel.hathitrust.org/cgi/pt?id=loc.ark:/13960/t6543cq8b"
151,"uc2.ark:/13960/t9j38s62g","Autobiography of the Rev. Dr. Alexander Carlyle, Minister of Inveresk,","1860-01-01","Book","Carlyle, Alexander","eng",2,"http://babel.hathitrust.org/cgi/pt?id=uc2.ark:/13960/t9j38s62g"
152,"loc.ark:/13960/t3zs38015","An American four-in-hand in Britain /","1883-01-01","Book","Carnegie, Andrew","eng",2,"http://babel.hathitrust.org/cgi/pt?id=loc.ark:/13960/t3zs38015"
153,"uc2.ark:/13960/t7xk8b66q","Our coaching trip,","1882-01-01","Book","Carnegie, Andrew","eng",2,"http://babel.hathitrust.org/cgi/pt?id=uc2.ark:/13960/t7xk8b66q"
154,"loc.ark:/13960/t80k37129","From Irish castles to French châteaux,","1910-01-01","Book","Carson, Norma Bright","eng",2,"http://babel.hathitrust.org/cgi/pt?id=loc.ark:/13960/t80k37129"
155,"uc2.ark:/13960/t1mg7hd35","The camomile;","1922-01-01","Book","Carswell, Catherine MacFarlane","eng",2,"http://babel.hathitrust.org/cgi/pt?id=uc2.ark:/13960/t1mg7hd35"
156,"uc2.ark:/13960/t2w37nr6q","Open the door,","1920-01-01","Book","Carswell, Catherine MacFarlane","eng",2,"http://babel.hathitrust.org/cgi/pt?id=uc2.ark:/13960/t2w37nr6q"
157,"yale.39002017552325","A selection from the correspondence of the late Thomas Chalmers /","1855-01-01","Book","Chalmers, Thomas","eng",2,"http://babel.hathitrust.org/cgi/pt?id=yale.39002017552325"
158,"uc2.ark:/13960/t1td9qm95","Memoir of Robert Chambers /","1872-01-01","Book","Chambers, William","eng",2,"http://babel.hathitrust.org/cgi/pt?id=uc2.ark:/13960/t1td9qm95"
159,"uc2.ark:/13960/t80k29d0q","Traditions of Edinburgh.","1847-01-01","Book","Chambers, Robert","eng",2,"http://babel.hathitrust.org/cgi/pt?id=uc2.ark:/13960/t80k29d0q"
160,"loc.ark:/13960/t45q5m902","A physician's vacation;","1856-01-01","Book","Channing, Walter","eng",2,"http://babel.hathitrust.org/cgi/pt?id=loc.ark:/13960/t45q5m902"
161,"uc2.ark:/13960/t0ks6sw2d","""We'll stick to the finish!""","1918-01-01","Book","Chapple, Joe Mitchell","eng",2,"http://babel.hathitrust.org/cgi/pt?id=uc2.ark:/13960/t0ks6sw2d"
162,"uc2.ark:/13960/t04x54g81","The life of Joseph Hodges Choate as gathered chiefly from his letters,","1920-01-01","Book","Choate, Joseph Hodges","eng",2,"http://babel.hathitrust.org/cgi/pt?id=uc2.ark:/13960/t04x54g81"
163,"uc2.ark:/13960/t7cr5w94b","Letters and remains of Arthur Hugh Clough :","1865-01-01","Book","Clough, Arthur Hugh","eng",2,"http://babel.hathitrust.org/cgi/pt?id=uc2.ark:/13960/t7cr5w94b"
164,"uc2.ark:/13960/t1jh3d32m","Memorials of his time,","1856-01-01","Book","Cockburn, Henry Cockburn","eng",2,"http://babel.hathitrust.org/cgi/pt?id=uc2.ark:/13960/t1jh3d32m"
165,"loc.ark:/13960/t3417gp2k","Four years in Great Britain.","1836-01-01","Book","Colton, Calvin","eng",2,"http://babel.hathitrust.org/cgi/pt?id=loc.ark:/13960/t3417gp2k"
166,"uc2.ark:/13960/t8qb9wp3j","The life and correspondence of Andrew Combe ...","1850-01-01","Book","Combe, George","eng",2,"http://babel.hathitrust.org/cgi/pt?id=uc2.ark:/13960/t8qb9wp3j"
167,"loc.ark:/13960/t2q533r95","Philadelphians abroad.","1908-01-01","Book","Conlen, William James","eng",2,"http://babel.hathitrust.org/cgi/pt?id=loc.ark:/13960/t2q533r95"
168,"uc2.ark:/13960/t3222sw77","Corporal Cameron of the North West mounted police;","1912-01-01","Book","Connor, Ralph","eng",2,"http://babel.hathitrust.org/cgi/pt?id=uc2.ark:/13960/t3222sw77"
169,"loc.ark:/13960/t7jq1gr2x","With the tourist tide,","1907-01-01","Book","Cooke, Arthur Bledsoe","eng",2,"http://babel.hathitrust.org/cgi/pt?id=loc.ark:/13960/t7jq1gr2x"
170,"loc.ark:/13960/t2988v48x","Correspondence of James Fenimore-Cooper /","1922-01-01","Book","Cooper, James Fenimore","eng",2,"http://babel.hathitrust.org/cgi/pt?id=loc.ark:/13960/t2988v48x"
171,"uc2.ark:/13960/t2d79c680","An editor's retrospect;","1896-01-01","Book","Cooper, Charles Alfred","eng",2,"http://babel.hathitrust.org/cgi/pt?id=uc2.ark:/13960/t2d79c680"
172,"loc.ark:/13960/t71v6197r","The silent watchers ;","1918-01-01","Book","Copplestone, Bennet","eng",2,"http://babel.hathitrust.org/cgi/pt?id=loc.ark:/13960/t71v6197r"
173,"uiuo.ark:/13960/t77s81j3w","A noble life /","1866-01-01","Book","Craik, Dinah Maria Mulock","eng",2,"http://babel.hathitrust.org/cgi/pt?id=uiuo.ark:/13960/t77s81j3w"
174,"uc2.ark:/13960/t22b8xz24","The men of the moss-hags :","1908-01-01","Book","Crockett, Samuel Rutherford","eng",2,"http://babel.hathitrust.org/cgi/pt?id=uc2.ark:/13960/t22b8xz24"
175,"uc2.ark:/13960/t27945767","Fishers of men,","1906-01-01","Book","Crockett, Samuel Rutherford","eng",2,"http://babel.hathitrust.org/cgi/pt?id=uc2.ark:/13960/t27945767"
176,"uc2.ark:/13960/t3mw2c15b","Strong Mac,","1904-01-01","Book","Crockett, Samuel Rutherford","eng",2,"http://babel.hathitrust.org/cgi/pt?id=uc2.ark:/13960/t3mw2c15b"
177,"uc2.ark:/13960/t3mw2dn3v","May Margaret,","1905-01-01","Book","Crockett, Samuel Rutherford","eng",2,"http://babel.hathitrust.org/cgi/pt?id=uc2.ark:/13960/t3mw2dn3v"
178,"uc2.ark:/13960/t4wh2jp2f","The standard bearer,","1898-01-01","Book","Crockett, Samuel Rutherford","eng",2,"http://babel.hathitrust.org/cgi/pt?id=uc2.ark:/13960/t4wh2jp2f"
179,"uc2.ark:/13960/t5p845h1x","Red cap adventures;","1908-01-01","Book","Crockett, Samuel Rutherford","eng",2,"http://babel.hathitrust.org/cgi/pt?id=uc2.ark:/13960/t5p845h1x"
180,"yale.39002008273931","Oliver Cromwell's letters and speeches: with elucidations.","1845-01-01","Book","Cromwell, Oliver","eng",2,"http://babel.hathitrust.org/cgi/pt?id=yale.39002008273931"
181,"uc2.ark:/13960/t13n2f40g","Domestic details","1843-01-01","Book","Crossrig, David Hume","eng",2,"http://babel.hathitrust.org/cgi/pt?id=uc2.ark:/13960/t13n2f40g"
182,"uiuo.ark:/13960/t78s52g23","North of the Tweed, or, Lorance Langton: his life, incidents, and adventures in Scotland /","1867-01-01","Book","Crowberry, Daniel","eng",2,"http://babel.hathitrust.org/cgi/pt?id=uiuo.ark:/13960/t78s52g23"
183,"loc.ark:/13960/t77s86p9n","Europe, through a woman's eye /","1883-01-01","Book","Culler, Lucy Yeend","eng",2,"http://babel.hathitrust.org/cgi/pt?id=loc.ark:/13960/t77s86p9n"
184,"uiuo.ark:/13960/t8rb7d44m","Traditional tales of the English and Scottish peasantry.","1822-01-01","Book","Cunningham, Allan","eng",2,"http://babel.hathitrust.org/cgi/pt?id=uiuo.ark:/13960/t8rb7d44m"
185,"loc.ark:/13960/t9s18nn9h","Hospitable England in the seventies;","1921-01-01","Book","Dana, Richard Henry","eng",2,"http://babel.hathitrust.org/cgi/pt?id=loc.ark:/13960/t9s18nn9h"
186,"yale.39002007650360","Benedict's wanderings :","1873-01-01","Book","Dawson, Edward Walter","eng",2,"http://babel.hathitrust.org/cgi/pt?id=yale.39002007650360"
187,"loc.ark:/13960/t5gb2m817","Benedict's wanderings, in Ireland, Scotland, Italy and Sicily ...","1873-01-01","Book","Dawson, Edward Walter","eng",2,"http://babel.hathitrust.org/cgi/pt?id=loc.ark:/13960/t5gb2m817"
188,"loc.ark:/13960/t0jt05m43","Confessions of an English opium-eater :","1841-01-01","Book","De Quincey, Thomas","eng",2,"http://babel.hathitrust.org/cgi/pt?id=loc.ark:/13960/t0jt05m43"
189,"uc2.ark:/13960/t4zg6sm3q","The reminiscences of Thomas Dibdin,","1827-01-01","Book","Dibdin, Thomas","eng",2,"http://babel.hathitrust.org/cgi/pt?id=uc2.ark:/13960/t4zg6sm3q"
190,"loc.ark:/13960/t7dr3j39g","My first visit to Europe:","1851-01-01","Book","Dickinson, Andrew","eng",2,"http://babel.hathitrust.org/cgi/pt?id=loc.ark:/13960/t7dr3j39g"
191,"loc.ark:/13960/t7br9fz4p","Letters of Monsignor George Hobart Doane.","1905-01-01","Book","Doane, George Hobart","eng",2,"http://babel.hathitrust.org/cgi/pt?id=loc.ark:/13960/t7br9fz4p"
192,"loc.ark:/13960/t00z7pc3r","Diary, sketches and reviews,","1850-01-01","Book","Dodge, Robert","eng",2,"http://babel.hathitrust.org/cgi/pt?id=loc.ark:/13960/t00z7pc3r"
193,"uc2.ark:/13960/t3514521g","Later letters of Marcus Dods, D. D. (late principal of New college, Edinburgh) (1895-1909)","1911-01-01","Book","Dods, Marcus","eng",2,"http://babel.hathitrust.org/cgi/pt?id=uc2.ark:/13960/t3514521g"
194,"loc.ark:/13960/t3bz6pw9x","Sunny days abroad;","1873-01-01","Book","Dyer, Catherine Cornelia (Joy)","eng",2,"http://babel.hathitrust.org/cgi/pt?id=loc.ark:/13960/t3bz6pw9x"
195,"uc2.ark:/13960/t1xd13j3t","Marriage ...","1893-01-01","Book","Ferrier, Susan","eng",2,"http://babel.hathitrust.org/cgi/pt?id=uc2.ark:/13960/t1xd13j3t"
196,"loc.ark:/13960/t22b9j820","Yesterdays with authors.","1872-01-01","Book","Fields, James Thomas","eng",2,"http://babel.hathitrust.org/cgi/pt?id=loc.ark:/13960/t22b9j820"
197,"loc.ark:/13960/t2w38f80f","Autobiography of Mrs. Fletcher.","1876-01-01","Book","Fletcher, Eliza Dawson","eng",2,"http://babel.hathitrust.org/cgi/pt?id=loc.ark:/13960/t2w38f80f"
198,"loc.ark:/13960/t76t15t7f","A woman's first impressions of Europe.","1865-01-01","Book","Forbes, E. A.","eng",2,"http://babel.hathitrust.org/cgi/pt?id=loc.ark:/13960/t76t15t7f"
199,"uc2.ark:/13960/t39021x2n","A Californian circling the globe,","1904-01-01","Book","Fuller, Henry","eng",2,"http://babel.hathitrust.org/cgi/pt?id=uc2.ark:/13960/t39021x2n"
200,"uc2.ark:/13960/t5q817k0b","A Californian circling the globe;","1904-01-01","Book","Fuller, Henry","eng",2,"http://babel.hathitrust.org/cgi/pt?id=uc2.ark:/13960/t5q817k0b"
201,"uc2.ark:/13960/t88g8jx02","Ten days abroad;","1901-01-01","Book","Fuller, Henry Starkey","eng",2,"http://babel.hathitrust.org/cgi/pt?id=uc2.ark:/13960/t88g8jx02"
202,"loc.ark:/13960/t2m62188m","Flying visits,","1892-01-01","Book","Furniss, Harry","eng",2,"http://babel.hathitrust.org/cgi/pt?id=loc.ark:/13960/t2m62188m"
203,"uc2.ark:/13960/t3417093b","Ringan Gilhaize :","1823-01-01","Book","Galt, John","eng",2,"http://babel.hathitrust.org/cgi/pt?id=uc2.ark:/13960/t3417093b"
204,"uc2.ark:/13960/t52f7r724","Ringan Gilhaize :","1823-01-01","Book","Galt, John","eng",2,"http://babel.hathitrust.org/cgi/pt?id=uc2.ark:/13960/t52f7r724"
205,"uc2.ark:/13960/t91839t3d","Ringan Gilhaize :","1823-01-01","Book","Galt, John","eng",2,"http://babel.hathitrust.org/cgi/pt?id=uc2.ark:/13960/t91839t3d"
206,"uc2.ark:/13960/t34170255","The history of a man.","1856-01-01","Book","Gilfillan, George","eng",2,"http://babel.hathitrust.org/cgi/pt?id=uc2.ark:/13960/t34170255"
207,"uiuo.ark:/13960/t83j3v78x","Allan Breck.","1834-01-01","Book","Gleig, G. R.","eng",2,"http://babel.hathitrust.org/cgi/pt?id=uiuo.ark:/13960/t83j3v78x"
208,"loc.ark:/13960/t4xh05358","A poor American in Ireland and Scotland /","1913-01-01","Book","Goodkind, Ben","eng",2,"http://babel.hathitrust.org/cgi/pt?id=loc.ark:/13960/t4xh05358"
209,"uc2.ark:/13960/t05x2c614","'Christopher North,'","1863-01-01","Book","Gordon, Mary Wilson","eng",2,"http://babel.hathitrust.org/cgi/pt?id=uc2.ark:/13960/t05x2c614"
210,"uiuo.ark:/13960/t78s53x1v","The fortunes of the Falconars /","1844-01-01","Book","Gordon, Mary Wilson","eng",2,"http://babel.hathitrust.org/cgi/pt?id=uiuo.ark:/13960/t78s53x1v"
211,"uiuo.ark:/13960/t2c82pf2b","Annie Jennings.","1870-01-01","Book","Gore, Leslie","eng",2,"http://babel.hathitrust.org/cgi/pt?id=uiuo.ark:/13960/t2c82pf2b"
212,"uiuo.ark:/13960/t64462p3k","Annie Jennings.","1870-01-01","Book","Gore, Leslie","eng",2,"http://babel.hathitrust.org/cgi/pt?id=uiuo.ark:/13960/t64462p3k"
213,"uc2.ark:/13960/t0ft8dz8h","Autobiography and personal recollections of John B. Gough,","1870-01-01","Book","Gough, John B.","eng",2,"http://babel.hathitrust.org/cgi/pt?id=uc2.ark:/13960/t0ft8dz8h"
214,"yale.39002030760970","Old diaries, 1881-1901 /","1902-01-01","Book","Gower, Ronald Sutherland","eng",2,"http://babel.hathitrust.org/cgi/pt?id=yale.39002030760970"
215,"uc2.ark:/13960/t3028s363","Mystifications /","1869-01-01","Book","Graham, Clementina Stirling","eng",2,"http://babel.hathitrust.org/cgi/pt?id=uc2.ark:/13960/t3028s363"
216,"loc.ark:/13960/t75t44n3p","A private in the guards,","1919-01-01","Book","Graham, Stephen","eng",2,"http://babel.hathitrust.org/cgi/pt?id=loc.ark:/13960/t75t44n3p"
217,"uc2.ark:/13960/t3tt4jv8j","The Scottish cavalier;","1850-01-01","Book","Grant, James","eng",2,"http://babel.hathitrust.org/cgi/pt?id=uc2.ark:/13960/t3tt4jv8j"
218,"uiuo.ark:/13960/t46q2br93","The master of Aberfeldie,","1884-01-01","Book","Grant, James","eng",2,"http://babel.hathitrust.org/cgi/pt?id=uiuo.ark:/13960/t46q2br93"
219,"uiuo.ark:/13960/t4cn7h270","The white cockade =","1867-01-01","Book","Grant, James","eng",2,"http://babel.hathitrust.org/cgi/pt?id=uiuo.ark:/13960/t4cn7h270"
220,"uiuo.ark:/13960/t6pz5q03b","Colville of the guards /","1885-01-01","Book","Grant, James","eng",2,"http://babel.hathitrust.org/cgi/pt?id=uiuo.ark:/13960/t6pz5q03b"
221,"uc2.ark:/13960/t81j9bq4q","The captain of the guard.","1862-01-01","Book","Grant, James","eng",2,"http://babel.hathitrust.org/cgi/pt?id=uc2.ark:/13960/t81j9bq4q"
222,"uiuo.ark:/13960/t9377vm15","The King's own borderers :","1865-01-01","Book","Grant, James","eng",2,"http://babel.hathitrust.org/cgi/pt?id=uiuo.ark:/13960/t9377vm15"
223,"uc2.ark:/13960/t2d797018","Letters of Asa Gray,","1893-01-01","Book","Gray, Asa","eng",2,"http://babel.hathitrust.org/cgi/pt?id=uc2.ark:/13960/t2d797018"
224,"loc.ark:/13960/t3708nt89","Letters of Thomas Gray.","1820-01-01","Book","Gray, Thomas","eng",2,"http://babel.hathitrust.org/cgi/pt?id=loc.ark:/13960/t3708nt89"
225,"loc.ark:/13960/t3320fr4d","Glances at Europe:","1852-01-01","Book","Greeley, Horace","eng",2,"http://babel.hathitrust.org/cgi/pt?id=loc.ark:/13960/t3320fr4d"
226,"nnc2.ark:/13960/t3rv0q106","A year in Europe.","1823-01-01","Book","Griscom, John","eng",2,"http://babel.hathitrust.org/cgi/pt?id=nnc2.ark:/13960/t3rv0q106"
227,"yale.39002088661401","State papers and miscellaneous correspondence of Thomas, earl of Melros ...","1837-01-01","Book","Haddington, Thomas Hamilton","eng",2,"http://babel.hathitrust.org/cgi/pt?id=yale.39002088661401"
228,"loc.ark:/13960/t3gx4x89w","Retrospect of a long life from 1815 to 1883.","1883-01-01","Book","Hall, S. C.","eng",2,"http://babel.hathitrust.org/cgi/pt?id=loc.ark:/13960/t3gx4x89w"
229,"uc2.ark:/13960/t88g8k68x","Schloss Hainfeld;","1836-01-01","Book","Hall, Basil","eng",2,"http://babel.hathitrust.org/cgi/pt?id=uc2.ark:/13960/t88g8k68x"
230,"uc2.ark:/13960/t5j96339f","Memoirs of the life and writings of Thomas Chalmers...","1849-01-01","Book","Hanna, William","eng",2,"http://babel.hathitrust.org/cgi/pt?id=uc2.ark:/13960/t5j96339f"
231,"uc2.ark:/13960/t7sn0457p","Memoirs of the life and writings of Thomas Chalmers...","1849-01-01","Book","Hanna, William","eng",2,"http://babel.hathitrust.org/cgi/pt?id=uc2.ark:/13960/t7sn0457p"
232,"uc2.ark:/13960/t0xp6wj9m","Miss Esperance and Mr. Wycherly /","1908-01-01","Book","Harker, L. Allen","eng",2,"http://babel.hathitrust.org/cgi/pt?id=uc2.ark:/13960/t0xp6wj9m"
233,"uc2.ark:/13960/t6pz53m10","Children of the dear Cotswolds,","1918-01-01","Book","Harker, L. Allen","eng",2,"http://babel.hathitrust.org/cgi/pt?id=uc2.ark:/13960/t6pz53m10"
234,"uc2.ark:/13960/t2z31qz2n","Dreams and memories,","1922-01-01","Book","Harper, George McLean","eng",2,"http://babel.hathitrust.org/cgi/pt?id=uc2.ark:/13960/t2z31qz2n"
235,"loc.ark:/13960/t5fb5rd1h","The pilgrim's wallet;","1866-01-01","Book","Haven, Gilbert","eng",2,"http://babel.hathitrust.org/cgi/pt?id=loc.ark:/13960/t5fb5rd1h"
236,"uc2.ark:/13960/t22b8vq82","Our old home:","1863-01-01","Book","Hawthorne, Nathaniel","eng",2,"http://babel.hathitrust.org/cgi/pt?id=uc2.ark:/13960/t22b8vq82"
237,"loc.ark:/13960/t4cn7zv9n","Notes in England and Italy.","1870-01-01","Book","Hawthorne, Sophia Peabody","eng",2,"http://babel.hathitrust.org/cgi/pt?id=loc.ark:/13960/t4cn7zv9n"
238,"uc2.ark:/13960/t3fx75r0j","The right stuff,","1910-01-01","Book","Hay, Ian","eng",2,"http://babel.hathitrust.org/cgi/pt?id=uc2.ark:/13960/t3fx75r0j"
239,"uc2.ark:/13960/t18k79p36","Memoirs of William Hazlitt.","1867-01-01","Book","Hazlitt, William Carew","eng",2,"http://babel.hathitrust.org/cgi/pt?id=uc2.ark:/13960/t18k79p36"
240,"uc2.ark:/13960/t2f768m89","Liber amoris;","1908-01-01","Book","Hazlitt, William Carew","eng",2,"http://babel.hathitrust.org/cgi/pt?id=uc2.ark:/13960/t2f768m89"
241,"loc.ark:/13960/t7np2x30s","A new path across an old field.","1886-01-01","Book","Holloway, Henry Clay","eng",2,"http://babel.hathitrust.org/cgi/pt?id=loc.ark:/13960/t7np2x30s"
242,"uc2.ark:/13960/t49p2xc9s","Our hundred days in Europe;","1887-01-01","Book","Holmes, Oliver Wendell","eng",2,"http://babel.hathitrust.org/cgi/pt?id=uc2.ark:/13960/t49p2xc9s"
243,"uc2.ark:/13960/t57d2rt03","Burton Holmes travelogues :","1922-01-01","Book","Holmes, Burton","eng",2,"http://babel.hathitrust.org/cgi/pt?id=uc2.ark:/13960/t57d2rt03"
244,"uc2.ark:/13960/t7cr5s30g","Memoirs and correspondence of Francis Horner, M.P.","1843-01-01","Book","Horner, Francis","eng",2,"http://babel.hathitrust.org/cgi/pt?id=uc2.ark:/13960/t7cr5s30g"
245,"loc.ark:/13960/t6737fv0w","Around the clock in Europe :","1912-01-01","Book","Howell, Charles Fish","eng",2,"http://babel.hathitrust.org/cgi/pt?id=loc.ark:/13960/t6737fv0w"
246,"loc.ark:/13960/t81k07x24","Glances on the wing at foreign lands,","1872-01-01","Book","Hoyt, James M.","eng",2,"http://babel.hathitrust.org/cgi/pt?id=loc.ark:/13960/t81k07x24"
247,"loc.ark:/13960/t5fb5x31j","A university tramp,","1889-01-01","Book","Hubbell, Orrin Z.","eng",2,"http://babel.hathitrust.org/cgi/pt?id=loc.ark:/13960/t5fb5x31j"
248,"yale.39002085618974","Literary landmarks of Edinburgh,","1891-01-01","Book","Hutton, Laurence","eng",2,"http://babel.hathitrust.org/cgi/pt?id=yale.39002085618974"
249,"loc.ark:/13960/t3126qn03","Twelve thousand miles over land and sea;","1878-01-01","Book","Hutton, William","eng",2,"http://babel.hathitrust.org/cgi/pt?id=loc.ark:/13960/t3126qn03"
250,"uc2.ark:/13960/t7br8q023","The charm of Edinburgh :","1913-01-01","Book","Hyatt, Alfred Henry","eng",2,"http://babel.hathitrust.org/cgi/pt?id=uc2.ark:/13960/t7br8q023"
251,"loc.ark:/13960/t1hh72m7t","Life of Jane Welsh Carlyle,","1891-01-01","Book","Ireland, Annie Elizabeth (Nicholson)","eng",2,"http://babel.hathitrust.org/cgi/pt?id=loc.ark:/13960/t1hh72m7t"
252,"uc2.ark:/13960/t52f7k92z","Abbotsford and Newstead abbey.","1835-01-01","Book","Irving, Washington","eng",2,"http://babel.hathitrust.org/cgi/pt?id=uc2.ark:/13960/t52f7k92z"
253,"uc2.ark:/13960/t0qr4r11f","Rambles with an American,","1910-01-01","Book","Jacques, Edward Tyrell","eng",2,"http://babel.hathitrust.org/cgi/pt?id=uc2.ark:/13960/t0qr4r11f"
254,"uc2.ark:/13960/t8mc8tc9m","Sketches in lavender, blue, and green,","1897-01-01","Book","Jerome, Jerome K.","eng",2,"http://babel.hathitrust.org/cgi/pt?id=uc2.ark:/13960/t8mc8tc9m"
255,"loc.ark:/13960/t65436t8m","Glimpses of Europe;","1906-01-01","Book","Johnson, Jesse","eng",2,"http://babel.hathitrust.org/cgi/pt?id=loc.ark:/13960/t65436t8m"
256,"uiuo.ark:/13960/t4dn42d2v","Autobiographical reminiscences of David Johnston :","1885-01-01","Book","Johnston, David","eng",2,"http://babel.hathitrust.org/cgi/pt?id=uiuo.ark:/13960/t4dn42d2v"
257,"loc.ark:/13960/t8mc9s460","Two gray tourists: from papers of Mr. Philemon Perch","1893-01-01","Book","Johnston, Richard Malcolm","eng",2,"http://babel.hathitrust.org/cgi/pt?id=loc.ark:/13960/t8mc9s460"
258,"uc2.ark:/13960/t0ks6sp4p","Elizabeth de Bruce,","1827-01-01","Book","Johnstone, C. I.","eng",2,"http://babel.hathitrust.org/cgi/pt?id=uc2.ark:/13960/t0ks6sp4p"
259,"uc2.ark:/13960/t10p0x892","The Edinburgh tales.","1845-01-01","Book","Johnstone, C. I.","eng",2,"http://babel.hathitrust.org/cgi/pt?id=uc2.ark:/13960/t10p0x892"
260,"uc2.ark:/13960/t5q81997z","Elizabeth de Bruce,","1827-01-01","Book","Johnstone, C. I.","eng",2,"http://babel.hathitrust.org/cgi/pt?id=uc2.ark:/13960/t5q81997z"
261,"uc2.ark:/13960/t5x63bx2z","The Edinburgh tales.","1845-01-01","Book","Johnstone, C. I.","eng",2,"http://babel.hathitrust.org/cgi/pt?id=uc2.ark:/13960/t5x63bx2z"
262,"uiuo.ark:/13960/t75t44r6g","Elizabeth de Bruce,","1827-01-01","Book","Johnstone, C. I.","eng",2,"http://babel.hathitrust.org/cgi/pt?id=uiuo.ark:/13960/t75t44r6g"
263,"uc2.ark:/13960/t8kd1rj02","The Edinburgh tales.","1845-01-01","Book","Johnstone, C. I.","eng",2,"http://babel.hathitrust.org/cgi/pt?id=uc2.ark:/13960/t8kd1rj02"
264,"loc.ark:/13960/t75t4gs81","Sketches of travel:","1878-01-01","Book","King, Horatio","eng",2,"http://babel.hathitrust.org/cgi/pt?id=loc.ark:/13960/t75t4gs81"
265,"uc2.ark:/13960/t9p26tz79","Memoirs of Sir William Knighton, bart., G.C.H. :","1838-01-01","Book","Knighton, William","eng",2,"http://babel.hathitrust.org/cgi/pt?id=uc2.ark:/13960/t9p26tz79"
266,"uc2.ark:/13960/t8rb6z21h","The undertow;","1906-01-01","Book","Knowles, Robert Edward","eng",2,"http://babel.hathitrust.org/cgi/pt?id=uc2.ark:/13960/t8rb6z21h"
267,"yale.39002007050355","The works of John Knox;","1846-01-01","Book","Knox, John","eng",2,"http://babel.hathitrust.org/cgi/pt?id=yale.39002007050355"
268,"yale.39002001235242","The Lauderdale papers.","1884-01-01","Book","Lauderdale, John Maitland","eng",2,"http://babel.hathitrust.org/cgi/pt?id=yale.39002001235242"
269,"uc2.ark:/13960/t9q23w570","Romances of the old town of Edinburgh /","1867-01-01","Book","Leighton, Alexander","eng",2,"http://babel.hathitrust.org/cgi/pt?id=uc2.ark:/13960/t9q23w570"
270,"uc2.ark:/13960/t05x28d60","Memoirs of Charles Lee Lewes,","1805-01-01","Book","Lewes, Charles Lee","eng",2,"http://babel.hathitrust.org/cgi/pt?id=uc2.ark:/13960/t05x28d60"
271,"uc2.ark:/13960/t3fx77517","Memoirs of Charles Lee Lewes,","1805-01-01","Book","Lewes, Charles Lee","eng",2,"http://babel.hathitrust.org/cgi/pt?id=uc2.ark:/13960/t3fx77517"
272,"loc.ark:/13960/t6pz5qf73","Travels in lands beyond the sea.","1888-01-01","Book","Linskill, Charles Dorrance","eng",2,"http://babel.hathitrust.org/cgi/pt?id=loc.ark:/13960/t6pz5qf73"
273,"uc2.ark:/13960/t9959gq88","Witch stories,","1861-01-01","Book","Linton, E. Lynn","eng",2,"http://babel.hathitrust.org/cgi/pt?id=uc2.ark:/13960/t9959gq88"
274,"loc.ark:/13960/t21c2j46h","Bonnie Scotland.","1861-01-01","Book","Lippincott, Sara Jane Clarke","eng",2,"http://babel.hathitrust.org/cgi/pt?id=loc.ark:/13960/t21c2j46h"
275,"uc2.ark:/13960/t3416vf14","Tweed and Don; or, Recollections and reflections of an angler for the last fifty years ...","1860-01-01","Book","Locke, James","eng",2,"http://babel.hathitrust.org/cgi/pt?id=uc2.ark:/13960/t3416vf14"
276,"uc2.ark:/13960/t14m94f69","Peter's letters to his kinsfolk.","1819-01-01","Book","Lockhart, J. G.","eng",2,"http://babel.hathitrust.org/cgi/pt?id=uc2.ark:/13960/t14m94f69"
277,"uc2.ark:/13960/t24b2xb0f","Memoirs of the life of Sir Walter Scott,","1861-01-01","Book","Lockhart, J. G.","eng",2,"http://babel.hathitrust.org/cgi/pt?id=uc2.ark:/13960/t24b2xb0f"
278,"uc2.ark:/13960/t3zs2pk78","Peter's letters to his kinsfolk.","1819-01-01","Book","Lockhart, J. G.","eng",2,"http://babel.hathitrust.org/cgi/pt?id=uc2.ark:/13960/t3zs2pk78"
279,"uc2.ark:/13960/t4qj78631","Memoirs of the life of Sir Walter Scott,","1861-01-01","Book","Lockhart, J. G.","eng",2,"http://babel.hathitrust.org/cgi/pt?id=uc2.ark:/13960/t4qj78631"
280,"uc2.ark:/13960/t8jd4t78j","Peter's letters to his kinsfolk.","1819-01-01","Book","Lockhart, J. G.","eng",2,"http://babel.hathitrust.org/cgi/pt?id=uc2.ark:/13960/t8jd4t78j"
281,"loc.ark:/13960/t9x070z1b","Life of Sir Walter Scott,","1870-01-01","Book","Lockhart, J. G.","eng",2,"http://babel.hathitrust.org/cgi/pt?id=loc.ark:/13960/t9x070z1b"
282,"uc2.ark:/13960/t29889q9d","Some friends of mine,","1909-01-01","Book","Lucas, E. V.","eng",2,"http://babel.hathitrust.org/cgi/pt?id=uc2.ark:/13960/t29889q9d"
283,"uc2.ark:/13960/t3319z186","Wayfaring men;","1897-01-01","Book","Lyall, Edna","eng",2,"http://babel.hathitrust.org/cgi/pt?id=uc2.ark:/13960/t3319z186"
284,"loc.ark:/13960/t5j96pv7c","English prose (1137-1890)","1909-01-01","Book","Manly, John Matthews","eng",2,"http://babel.hathitrust.org/cgi/pt?id=loc.ark:/13960/t5j96pv7c"
285,"loc.ark:/13960/t6rx9s72m","Edinburgh,","1910-01-01","Book","Masson, Rosaline Orme","eng",2,"http://babel.hathitrust.org/cgi/pt?id=loc.ark:/13960/t6rx9s72m"
286,"loc.ark:/13960/t8gf19k0j","Diary of a summer in Europe.","1866-01-01","Book","Mathews, G. H.","eng",2,"http://babel.hathitrust.org/cgi/pt?id=loc.ark:/13960/t8gf19k0j"
287,"loc.ark:/13960/t0wq0jw9q","Hill-side and border sketches:","1847-01-01","Book","Maxwell, W. H.","eng",2,"http://babel.hathitrust.org/cgi/pt?id=loc.ark:/13960/t0wq0jw9q"
288,"loc.ark:/13960/t7sn11w0v","St. Paul's to St. Sophia;","1860-01-01","Book","McCormick, Richard C.","eng",2,"http://babel.hathitrust.org/cgi/pt?id=loc.ark:/13960/t7sn11w0v"
289,"uc2.ark:/13960/t9x05zc1j","Travels in the United States of America, in the years 1806& 1807, and 1809, 1810, & 1811;","1812-01-01","Book","Melish, John","eng",2,"http://babel.hathitrust.org/cgi/pt?id=uc2.ark:/13960/t9x05zc1j"
290,"uc2.ark:/13960/t03x85n0n","My schools and schoolmasters :","1869-01-01","Book","Miller, Hugh","eng",2,"http://babel.hathitrust.org/cgi/pt?id=uc2.ark:/13960/t03x85n0n"
291,"loc.ark:/13960/t06w9z18x","Tales and sketches.","1863-01-01","Book","Miller, Hugh","eng",2,"http://babel.hathitrust.org/cgi/pt?id=loc.ark:/13960/t06w9z18x"
292,"loc.ark:/13960/t2794vb99","Rambles in Europe.","1911-01-01","Book","Miller, Daniel","eng",2,"http://babel.hathitrust.org/cgi/pt?id=loc.ark:/13960/t2794vb99"
293,"uc2.ark:/13960/t43r0r790","Edinburgh and its neighbourhood, geological and historical :","1869-01-01","Book","Miller, Hugh","eng",2,"http://babel.hathitrust.org/cgi/pt?id=uc2.ark:/13960/t43r0r790"
294,"uc2.ark:/13960/t9t14vf74","[Works of S. Weir Mitchell]","1910-01-01","Book","Mitchell, S. Weir","eng",2,"http://babel.hathitrust.org/cgi/pt?id=uc2.ark:/13960/t9t14vf74"
295,"loc.ark:/13960/t6f19hb8s","Song and scenery;","1874-01-01","Book","Moffat, James C.","eng",2,"http://babel.hathitrust.org/cgi/pt?id=loc.ark:/13960/t6f19hb8s"
296,"uc2.ark:/13960/t5bc4607f","The X jewel,","1896-01-01","Book","Moncreiff, Frederick Charles","eng",2,"http://babel.hathitrust.org/cgi/pt?id=uc2.ark:/13960/t5bc4607f"
297,"uc2.ark:/13960/t43r0w005","Memoirs, journal, and correspondence of Thomas Moore.","1853-01-01","Book","Moore, Thomas","eng",2,"http://babel.hathitrust.org/cgi/pt?id=uc2.ark:/13960/t43r0w005"
298,"uc2.ark:/13960/t4dn41t4s","A year in Europe,","1905-01-01","Book","Moore, Walter William","eng",2,"http://babel.hathitrust.org/cgi/pt?id=uc2.ark:/13960/t4dn41t4s"
299,"uc2.ark:/13960/t8df6rh3r","Memoirs, journal, and correspondence of Thomas Moore.","1853-01-01","Book","Moore, Thomas","eng",2,"http://babel.hathitrust.org/cgi/pt?id=uc2.ark:/13960/t8df6rh3r"
300,"loc.ark:/13960/t7np2kf9g","The footpath and highway:","1853-01-01","Book","Moran, Benjamin","eng",2,"http://babel.hathitrust.org/cgi/pt?id=loc.ark:/13960/t7np2kf9g"
301,"loc.ark:/13960/t1jh4719d","Pipefuls /","1920-01-01","Book","Morley, Christopher","eng",2,"http://babel.hathitrust.org/cgi/pt?id=loc.ark:/13960/t1jh4719d"
302,"loc.ark:/13960/t5q826h0d","Shandygaff :","1918-01-01","Book","Morley, Christopher","eng",2,"http://babel.hathitrust.org/cgi/pt?id=loc.ark:/13960/t5q826h0d"
303,"uc2.ark:/13960/t9g44qc5j","The modern Athens:","1825-01-01","Book","Mudie, Robert","eng",2,"http://babel.hathitrust.org/cgi/pt?id=uc2.ark:/13960/t9g44qc5j"
304,"uc2.ark:/13960/t89g5w351","John Splendid;","1898-01-01","Book","Munro, Neil","eng",2,"http://babel.hathitrust.org/cgi/pt?id=uc2.ark:/13960/t89g5w351"
305,"uc2.ark:/13960/t5r787v8d","Selection from the correspondence of the late Macvey Napier, esq.;","1879-01-01","Book","Napier, Macvey","eng",2,"http://babel.hathitrust.org/cgi/pt?id=uc2.ark:/13960/t5r787v8d"
306,"loc.ark:/13960/t5v708t2c","Sketches of continental Europe and Great Britain.","1859-01-01","Book","Newell, William Whiting","eng",2,"http://babel.hathitrust.org/cgi/pt?id=loc.ark:/13960/t5v708t2c"
307,"nc01.ark:/13960/t89g5v93b","European leaflets, for young ladies.","1861-01-01","Book","Newman, A. E.","eng",2,"http://babel.hathitrust.org/cgi/pt?id=nc01.ark:/13960/t89g5v93b"
308,"uc2.ark:/13960/t2891372n","Addresses and letters of travel,","1908-01-01","Book","Nye, Stephen Girard","eng",2,"http://babel.hathitrust.org/cgi/pt?id=uc2.ark:/13960/t2891372n"
309,"uc2.ark:/13960/t3dz08r62","World war at its climax;","1922-01-01","Book","O'Hara, Edward H.","eng",2,"http://babel.hathitrust.org/cgi/pt?id=uc2.ark:/13960/t3dz08r62"
310,"uc2.ark:/13960/t2p55dj7p","The laird of Norlaw.","1859-01-01","Book","Oliphant, Margaret","eng",2,"http://babel.hathitrust.org/cgi/pt?id=uc2.ark:/13960/t2p55dj7p"
311,"miua.1376234.0001.001","The autobiography and letters of Mrs. M.O.W. Oliphant /","1899-01-01","Book","Oliphant, Margaret","eng",2,"http://babel.hathitrust.org/cgi/pt?id=miua.1376234.0001.001"
312,"nc01.ark:/13960/t9v135m0n","Shamrock and thistle;","1867-01-01","Book","Optic, Oliver","eng",2,"http://babel.hathitrust.org/cgi/pt?id=nc01.ark:/13960/t9v135m0n"
313,"uc2.ark:/13960/t4qj79t1j","The man in the corner /","1909-01-01","Book","Orczy, Emmuska Orczy","eng",2,"http://babel.hathitrust.org/cgi/pt?id=uc2.ark:/13960/t4qj79t1j"
314,"loc.ark:/13960/t0pr89h3h","When winter comes to Main street,","1922-01-01","Book","Overton, Grant Martin","eng",2,"http://babel.hathitrust.org/cgi/pt?id=loc.ark:/13960/t0pr89h3h"
315,"uc2.ark:/13960/t8hd7sj1m","Barbe of Grand Bayou,","1903-01-01","Book","Oxenham, John","eng",2,"http://babel.hathitrust.org/cgi/pt?id=uc2.ark:/13960/t8hd7sj1m"
316,"loc.ark:/13960/t22b9ch9f","Rambles in America, past and present.","1891-01-01","Book","Pairpoint, Alfred J.","eng",2,"http://babel.hathitrust.org/cgi/pt?id=loc.ark:/13960/t22b9ch9f"
317,"uc2.ark:/13960/t9765f85s","Four years in the Old world;","1866-01-01","Book","Palmer, Phoebe","eng",2,"http://babel.hathitrust.org/cgi/pt?id=uc2.ark:/13960/t9765f85s"
318,"loc.ark:/13960/t7rn40s0x","Wandering thoughts and wandering steps.","1880-01-01","Book","Parker, W.","eng",2,"http://babel.hathitrust.org/cgi/pt?id=loc.ark:/13960/t7rn40s0x"
319,"loc.ark:/13960/t3126d02t","Little memoirs of the eighteenth century,","1901-01-01","Book","Paston, George","eng",2,"http://babel.hathitrust.org/cgi/pt?id=loc.ark:/13960/t3126d02t"
320,"loc.ark:/13960/t77s8jc2c","Reminiscences of European travel,","1896-01-01","Book","Peabody, Andrew P.","eng",2,"http://babel.hathitrust.org/cgi/pt?id=loc.ark:/13960/t77s8jc2c"
321,"uiuo.ark:/13960/t04x5wd9q","The black watch.","1834-01-01","Book","Picken, Andrew","eng",2,"http://babel.hathitrust.org/cgi/pt?id=uiuo.ark:/13960/t04x5wd9q"
322,"uiuo.ark:/13960/t9d517f38","The black watch.","1834-01-01","Book","Picken, Andrew","eng",2,"http://babel.hathitrust.org/cgi/pt?id=uiuo.ark:/13960/t9d517f38"
323,"loc.ark:/13960/t1cj9318z","A southerner in Europe;","1908-01-01","Book","Poe, Clarence Hamilton","eng",2,"http://babel.hathitrust.org/cgi/pt?id=loc.ark:/13960/t1cj9318z"
324,"uc2.ark:/13960/t8w956f1v","Diary of the late Rajah of Kolhapoor, during his visit to Europe in 1870.","1872-01-01","Book","Rajah Ram Chuttraputtee","eng",2,"http://babel.hathitrust.org/cgi/pt?id=uc2.ark:/13960/t8w956f1v"
325,"uc2.ark:/13960/t28914d0b","Nineteenth century letters,","1919-01-01","Book","Rees, Byron Johnson","eng",2,"http://babel.hathitrust.org/cgi/pt?id=uc2.ark:/13960/t28914d0b"
326,"loc.ark:/13960/t6g16p43x","We four.","1880-01-01","Book","Rees, L. L.","eng",2,"http://babel.hathitrust.org/cgi/pt?id=loc.ark:/13960/t6g16p43x"
327,"uc2.ark:/13960/t2x34x09s","Diary, reminiscences, and correspondence of Henry Crabb Robinson ...","1877-01-01","Book","Robinson, Henry Crabb","eng",2,"http://babel.hathitrust.org/cgi/pt?id=uc2.ark:/13960/t2x34x09s"
328,"loc.ark:/13960/t1pg2hw4n","Travels in Europe and Northern Africa.","1901-01-01","Book","Rose, W. G.","eng",2,"http://babel.hathitrust.org/cgi/pt?id=loc.ark:/13960/t1pg2hw4n"
329,"loc.ark:/13960/t5fb5rb5j","Eight journeys abroad /","1917-01-01","Book","Rosengarten, Mary D. Richardson","eng",2,"http://babel.hathitrust.org/cgi/pt?id=loc.ark:/13960/t5fb5rb5j"
330,"loc.ark:/13960/t8v990b6n","European days and ways,","1902-01-01","Book","Rusling, James Fowler","eng",2,"http://babel.hathitrust.org/cgi/pt?id=loc.ark:/13960/t8v990b6n"
331,"loc.ark:/13960/t3bz6r64c","Library notes,","1879-01-01","Book","Russell, A. P.","eng",2,"http://babel.hathitrust.org/cgi/pt?id=loc.ark:/13960/t3bz6r64c"
332,"uiuo.ark:/13960/t5v702j7q","The Itinerant;","1817-01-01","Book","Ryley, S. W.","eng",2,"http://babel.hathitrust.org/cgi/pt?id=uiuo.ark:/13960/t5v702j7q"
333,"uc2.ark:/13960/t1wd3s83z","The road to Dumbiedykes;","1920-01-01","Book","Sanders, Alvin Howard","eng",2,"http://babel.hathitrust.org/cgi/pt?id=uc2.ark:/13960/t1wd3s83z"
334,"uc2.ark:/13960/t02z15h83","Journal of a lady of quality;","1921-01-01","Book","Schaw, Janet","eng",2,"http://babel.hathitrust.org/cgi/pt?id=uc2.ark:/13960/t02z15h83"
338,"loc.ark:/13960/t39031p4v","Guy Mannering /","1868-01-01","Book","Scott, Walter","eng",2,"http://babel.hathitrust.org/cgi/pt?id=loc.ark:/13960/t39031p4v"
340,"uc2.ark:/13960/t7jq0vz0t","The journal of Sir Walter Scott,","1891-01-01","Book","Scott, Walter","eng",2,"http://babel.hathitrust.org/cgi/pt?id=uc2.ark:/13960/t7jq0vz0t"
341,"uiuo.ark:/13960/t86h56406","The fortunes of Nigel /","1822-01-01","Book","Scott, Walter","eng",2,"http://babel.hathitrust.org/cgi/pt?id=uiuo.ark:/13960/t86h56406"
343,"uc2.ark:/13960/t9862md7s","The pirate ; The fortunes of Nigel /","1880-01-01","Book","Scott, Walter","eng",2,"http://babel.hathitrust.org/cgi/pt?id=uc2.ark:/13960/t9862md7s"
344,"uc2.ark:/13960/t6pz5404s","Five months abroad;","1882-01-01","Book","Scripps, James E.","eng",2,"http://babel.hathitrust.org/cgi/pt?id=uc2.ark:/13960/t6pz5404s"
345,"loc.ark:/13960/t7pn9z13c","Crusading with Knights templar under the banners of Allegheny commandery, no. 35,","1879-01-01","Book","Semple, David W.","eng",2,"http://babel.hathitrust.org/cgi/pt?id=loc.ark:/13960/t7pn9z13c"
346,"loc.ark:/13960/t6qz2x518","Days of the past;","1905-01-01","Book","Shand, Alexander Innes","eng",2,"http://babel.hathitrust.org/cgi/pt?id=loc.ark:/13960/t6qz2x518"
347,"uc2.ark:/13960/t9377p56p","A journal of travels in England, Holland and Scotland,","1820-01-01","Book","Silliman, Benjamin","eng",2,"http://babel.hathitrust.org/cgi/pt?id=uc2.ark:/13960/t9377p56p"
348,"loc.ark:/13960/t8pc3p50n","Our trip to Europe,","1917-01-01","Book","Simmonds, Irene","eng",2,"http://babel.hathitrust.org/cgi/pt?id=loc.ark:/13960/t8pc3p50n"
349,"uc2.ark:/13960/t5bc44j0d","Journal of a tour and residence in Great Britain, during the years 1810 and 1811, by a French traveller :","1815-01-01","Book","Simond, L.","eng",2,"http://babel.hathitrust.org/cgi/pt?id=uc2.ark:/13960/t5bc44j0d"
350,"loc.ark:/13960/t9g457t6f","Reminiscences of childhood at Inverkeithing;","1882-01-01","Book","Simson, James","eng",2,"http://babel.hathitrust.org/cgi/pt?id=loc.ark:/13960/t9g457t6f"
351,"uc2.ark:/13960/t23b60x60","Holiday House :","1839-01-01","Book","Sinclair, Catherine","eng",2,"http://babel.hathitrust.org/cgi/pt?id=uc2.ark:/13960/t23b60x60"
352,"uc2.ark:/13960/t4hm53v8z","Modern accomplishments, or, The march of intellect /","1841-01-01","Book","Sinclair, Catherine","eng",2,"http://babel.hathitrust.org/cgi/pt?id=uc2.ark:/13960/t4hm53v8z"
353,"uc2.ark:/13960/t7dr31b5g","Modern society;","1838-01-01","Book","Sinclair, Catherine","eng",2,"http://babel.hathitrust.org/cgi/pt?id=uc2.ark:/13960/t7dr31b5g"
354,"uiuo.ark:/13960/t7xk8zr2d","Modern flirtations :","1841-01-01","Book","Sinclair, Catherine","eng",2,"http://babel.hathitrust.org/cgi/pt?id=uiuo.ark:/13960/t7xk8zr2d"
355,"loc.ark:/13960/t0sq9cv48","Allan Ramsay,","1896-01-01","Book","Smeaton, William Henry Oliphant","eng",2,"http://babel.hathitrust.org/cgi/pt?id=loc.ark:/13960/t0sq9cv48"
356,"uc2.ark:/13960/t6h135c50","Autobiography of Samuel Smiles ...","1905-01-01","Book","Smiles, Samuel","eng",2,"http://babel.hathitrust.org/cgi/pt?id=uc2.ark:/13960/t6h135c50"
357,"loc.ark:/13960/t1xd1kb4d","A summer's jaunt across the water.","1846-01-01","Book","Smith, J. Jay","eng",2,"http://babel.hathitrust.org/cgi/pt?id=loc.ark:/13960/t1xd1kb4d"
358,"loc.ark:/13960/t3dz0xm5n","From Occident to Orient.","1897-01-01","Book","Smith, William Alexander","eng",2,"http://babel.hathitrust.org/cgi/pt?id=loc.ark:/13960/t3dz0xm5n"
359,"loc.ark:/13960/t3ws9kr79","Dreamthorp:","1864-01-01","Book","Smith, Alexander","eng",2,"http://babel.hathitrust.org/cgi/pt?id=loc.ark:/13960/t3ws9kr79"
360,"uc2.ark:/13960/t5x63jt3k","Last leaves;","1868-01-01","Book","Smith, Alexander","eng",2,"http://babel.hathitrust.org/cgi/pt?id=uc2.ark:/13960/t5x63jt3k"
361,"loc.ark:/13960/t1qf96q49","A summer across the sea,","1908-01-01","Book","Snowden, James H.","eng",2,"http://babel.hathitrust.org/cgi/pt?id=loc.ark:/13960/t1qf96q49"
362,"loc.ark:/13960/t72v3d369","Eight lands in eight weeks;","1911-01-01","Book","Snyder, Marcia Penfield","eng",2,"http://babel.hathitrust.org/cgi/pt?id=loc.ark:/13960/t72v3d369"
363,"loc.ark:/13960/t8sb4xr04","Wayside notes and fireside thoughts.","1884-01-01","Book","South, Eudora Lindsay","eng",2,"http://babel.hathitrust.org/cgi/pt?id=loc.ark:/13960/t8sb4xr04"
364,"loc.ark:/13960/t2b85tw0p","The dawn of freedom;","1904-01-01","Book","St. John, Charles Henry","eng",2,"http://babel.hathitrust.org/cgi/pt?id=loc.ark:/13960/t2b85tw0p"
365,"uc2.ark:/13960/t16m3369j","Mr. Peters :","1897-01-01","Book","Stephens, Riccardo","eng",2,"http://babel.hathitrust.org/cgi/pt?id=uc2.ark:/13960/t16m3369j"
366,"uc2.ark:/13960/t05x2nn94","The novels and tales of Robert Louis Stevenson.","1903-01-01","Book","Stevenson, Robert Louis","eng",2,"http://babel.hathitrust.org/cgi/pt?id=uc2.ark:/13960/t05x2nn94"
367,"uc2.ark:/13960/t0qr4q44t","The novels and tales of Robert Louis Stevenson.","1903-01-01","Book","Stevenson, Robert Louis","eng",2,"http://babel.hathitrust.org/cgi/pt?id=uc2.ark:/13960/t0qr4q44t"
368,"loc.ark:/13960/t0wq0w57g","Virginibus puerisque, and other papers,","1905-01-01","Book","Stevenson, Robert Louis","eng",2,"http://babel.hathitrust.org/cgi/pt?id=loc.ark:/13960/t0wq0w57g"
369,"uc2.ark:/13960/t2988b585","St. Ives;","1897-01-01","Book","Stevenson, Robert Louis","eng",2,"http://babel.hathitrust.org/cgi/pt?id=uc2.ark:/13960/t2988b585"
370,"uc2.ark:/13960/t40r9nz7p","The novels and tales of Robert Louis Stevenson.","1903-01-01","Book","Stevenson, Robert Louis","eng",2,"http://babel.hathitrust.org/cgi/pt?id=uc2.ark:/13960/t40r9nz7p"
371,"loc.ark:/13960/t43r1g13g","Across the plains with other memories and essays,","1896-01-01","Book","Stevenson, Robert Louis","eng",2,"http://babel.hathitrust.org/cgi/pt?id=loc.ark:/13960/t43r1g13g"
372,"uc2.ark:/13960/t50g3wh32","The works of Robert Louis Stevenson;","1906-01-01","Book","Stevenson, Robert Louis","eng",2,"http://babel.hathitrust.org/cgi/pt?id=uc2.ark:/13960/t50g3wh32"
373,"uc2.ark:/13960/t5s75m18c","The works of Robert Louis Stevenson;","1906-01-01","Book","Stevenson, Robert Louis","eng",2,"http://babel.hathitrust.org/cgi/pt?id=uc2.ark:/13960/t5s75m18c"
374,"uc2.ark:/13960/t72v2ft0v","Sights and scenes in Europe :","1882-01-01","Book","Stevenson, William","eng",2,"http://babel.hathitrust.org/cgi/pt?id=uc2.ark:/13960/t72v2ft0v"
375,"loc.ark:/13960/t76t18931","Essays by Robert Louis Stevenson,","1918-01-01","Book","Stevenson, Robert Louis","eng",2,"http://babel.hathitrust.org/cgi/pt?id=loc.ark:/13960/t76t18931"
376,"uc2.ark:/13960/t78s4z223","Memories and portraits,","1895-01-01","Book","Stevenson, Robert Louis","eng",2,"http://babel.hathitrust.org/cgi/pt?id=uc2.ark:/13960/t78s4z223"
377,"uc2.ark:/13960/t7sn0dv9x","The works of Robert Louis Stevenson;","1906-01-01","Book","Stevenson, Robert Louis","eng",2,"http://babel.hathitrust.org/cgi/pt?id=uc2.ark:/13960/t7sn0dv9x"
378,"loc.ark:/13960/t9086wk0p","Lay morals, and other papers,","1911-01-01","Book","Stevenson, Robert Louis","eng",2,"http://babel.hathitrust.org/cgi/pt?id=loc.ark:/13960/t9086wk0p"
379,"uc2.ark:/13960/t9v11xp78","The novels and tales of Robert Louis Stevenson.","1903-01-01","Book","Stevenson, Robert Louis","eng",2,"http://babel.hathitrust.org/cgi/pt?id=uc2.ark:/13960/t9v11xp78"
380,"loc.ark:/13960/t2m62652f","A winter jaunt through historic lands.","1890-01-01","Book","Stine, Milton Henry","eng",2,"http://babel.hathitrust.org/cgi/pt?id=loc.ark:/13960/t2m62652f"
381,"miun.adm0370.0001.001","Sunny memories of foreign lands /","1854-01-01","Book","Stowe, Harriet Beecher","eng",2,"http://babel.hathitrust.org/cgi/pt?id=miun.adm0370.0001.001"
382,"uc2.ark:/13960/t28913f68","Sheila /","1900-01-01","Book","Swan, Annie S.","eng",2,"http://babel.hathitrust.org/cgi/pt?id=uc2.ark:/13960/t28913f68"
383,"loc.ark:/13960/t9k36gd20","Highways of travel;","1859-01-01","Book","Sweat, Margaret J. M.","eng",2,"http://babel.hathitrust.org/cgi/pt?id=loc.ark:/13960/t9k36gd20"
384,"yale.39002030973235","Bohemian days;","1889-01-01","Book","Tadlock, Clara Moyse","eng",2,"http://babel.hathitrust.org/cgi/pt?id=yale.39002030973235"
385,"loc.ark:/13960/t17m0tt42","Crumbs swept up,","1870-01-01","Book","Talmage, Thomas De Witt","eng",2,"http://babel.hathitrust.org/cgi/pt?id=loc.ark:/13960/t17m0tt42"
386,"loc.ark:/13960/t8w95pm5t","The British isles through an opera glass,","1899-01-01","Book","Taylor, Charles M.","eng",2,"http://babel.hathitrust.org/cgi/pt?id=loc.ark:/13960/t8w95pm5t"
387,"loc.ark:/13960/t3514p71x","Beaten paths;","1874-01-01","Book","Thompson, Ella W.","eng",2,"http://babel.hathitrust.org/cgi/pt?id=loc.ark:/13960/t3514p71x"
388,"loc.ark:/13960/t9r21fx52","From the Thames to the Trosachs.","1890-01-01","Book","Thompson, E. H.","eng",2,"http://babel.hathitrust.org/cgi/pt?id=loc.ark:/13960/t9r21fx52"
389,"uc2.ark:/13960/t0rr1rz7m","Men and manners in Britain;","1834-01-01","Book","Thorburn, Grant","eng",2,"http://babel.hathitrust.org/cgi/pt?id=uc2.ark:/13960/t0rr1rz7m"
390,"loc.ark:/13960/t40s0hg9n","My college days,","1880-01-01","Book","Tomes, Robert","eng",2,"http://babel.hathitrust.org/cgi/pt?id=loc.ark:/13960/t40s0hg9n"
391,"loc.ark:/13960/t89g65d7q","The British isles,","1909-01-01","Book","Tomlinson, Everett T.","eng",2,"http://babel.hathitrust.org/cgi/pt?id=loc.ark:/13960/t89g65d7q"
392,"loc.ark:/13960/t2z32n954","Shaking hands with England,","1919-01-01","Book","Towne, Charles Hanson","eng",2,"http://babel.hathitrust.org/cgi/pt?id=loc.ark:/13960/t2z32n954"
393,"loc.ark:/13960/t2v41k275","Ghosts I have seen and other psychic experiences,","1919-01-01","Book","Tweedale, Violet","eng",2,"http://babel.hathitrust.org/cgi/pt?id=loc.ark:/13960/t2v41k275"
394,"yale.39002013174702","Notes of a ramble through France, Italy, Switzerland, Germany, Holland, and Belgium;","1836-01-01","Book","Anonymous","eng",2,"http://babel.hathitrust.org/cgi/pt?id=yale.39002013174702"
395,"mdp.39015030730660","The living age ...",NULL,"Serial","Anonymous","eng",2,"http://babel.hathitrust.org/cgi/pt?id=mdp.39015030730660"
396,"uiuo.ark:/13960/t00z7fm4g","The Chap-book :",NULL,"Serial","Anonymous","eng",2,"http://babel.hathitrust.org/cgi/pt?id=uiuo.ark:/13960/t00z7fm4g"
397,"uc2.ark:/13960/t0sq8wh72","Letters from Thomas Percy, D.D. :","1830-01-01","Book","Anonymous","eng",2,"http://babel.hathitrust.org/cgi/pt?id=uc2.ark:/13960/t0sq8wh72"
398,"uc2.ark:/13960/t11n88b2q","The manuscripts of His Grace the Duke of Portland, preserved at Welbeck abbey ...","1891-01-01","Book","Anonymous","eng",2,"http://babel.hathitrust.org/cgi/pt?id=uc2.ark:/13960/t11n88b2q"
399,"uc2.ark:/13960/t52f7mc66","Heads and tales, or, Anecdotes and stories of quadrupeds and other beasts chiefly connected with incidents in the histories of more or less distinguished men /","1870-01-01","Book","Anonymous","eng",2,"http://babel.hathitrust.org/cgi/pt?id=uc2.ark:/13960/t52f7mc66"
400,"uc2.ark:/13960/t5fb50f49","Carrie F. Butler Thwing;","1899-01-01","Book","Anonymous","eng",2,"http://babel.hathitrust.org/cgi/pt?id=uc2.ark:/13960/t5fb50f49"
401,"loc.ark:/13960/t5j972777","Gleanings from the popular authors, grave and gay.","1886-01-01","Book","Anonymous","eng",2,"http://babel.hathitrust.org/cgi/pt?id=loc.ark:/13960/t5j972777"
402,"loc.ark:/13960/t70v9b62j","Old sights with new eyes /","1854-01-01","Book","Anonymous","eng",2,"http://babel.hathitrust.org/cgi/pt?id=loc.ark:/13960/t70v9b62j"
403,"uc2.ark:/13960/t8rb6xx2s","The library of choice literature :","1882-01-01","Book","Anonymous","eng",2,"http://babel.hathitrust.org/cgi/pt?id=uc2.ark:/13960/t8rb6xx2s"
404,"loc.ark:/13960/t4mk7599f","Around the world :","1876-01-01","Book","Vanderslice, John","eng",2,"http://babel.hathitrust.org/cgi/pt?id=loc.ark:/13960/t4mk7599f"
405,"yale.39002001723692","Leaves from the journal of our life in the Highlands, from 1848 to 1861 :","1868-01-01","Book","Queen Victoria","eng",2,"http://babel.hathitrust.org/cgi/pt?id=yale.39002001723692"
406,"loc.ark:/13960/t3fx7vr2s","From an island outpost","1914-01-01","Book","Waller, Mary E.","eng",2,"http://babel.hathitrust.org/cgi/pt?id=loc.ark:/13960/t3fx7vr2s"
407,"loc.ark:/13960/t41r7bt1t","London days;","1920-01-01","Book","Warren, Arthur","eng",2,"http://babel.hathitrust.org/cgi/pt?id=loc.ark:/13960/t41r7bt1t"
408,"uc2.ark:/13960/t1zc7vr0d","A Memphian's trip to Europe with Cook's educational party:","1874-01-01","Book","Watson, Samuel","eng",2,"http://babel.hathitrust.org/cgi/pt?id=uc2.ark:/13960/t1zc7vr0d"
409,"loc.ark:/13960/t8hd8k00v","A Memphian's trip to Europe with Cook's educational party:","1874-01-01","Book","Watson, Samuel","eng",2,"http://babel.hathitrust.org/cgi/pt?id=loc.ark:/13960/t8hd8k00v"
410,"loc.ark:/13960/t20c5s94h","The heart of a soldier /","1918-01-01","Book","Watt, Lauchlan MacLean","eng",2,"http://babel.hathitrust.org/cgi/pt?id=loc.ark:/13960/t20c5s94h"
411,"loc.ark:/13960/t3xs69k0j","The hills of home,","1914-01-01","Book","Watt, Lauchlan MacLean","eng",2,"http://babel.hathitrust.org/cgi/pt?id=loc.ark:/13960/t3xs69k0j"
412,"uc2.ark:/13960/t91836s7n","The judge,","1922-01-01","Book","West, Rebecca","eng",2,"http://babel.hathitrust.org/cgi/pt?id=uc2.ark:/13960/t91836s7n"
413,"loc.ark:/13960/t9z03nd9p","O'er the Atlantic;","1870-01-01","Book","Whyte, William E.","eng",2,"http://babel.hathitrust.org/cgi/pt?id=loc.ark:/13960/t9z03nd9p"
414,"uc2.ark:/13960/t5t728p7f","Penelope's progress :","1898-01-01","Book","Wiggin, Kate Douglas Smith","eng",2,"http://babel.hathitrust.org/cgi/pt?id=uc2.ark:/13960/t5t728p7f"
415,"loc.ark:/13960/t74t7690d","Autobiography and miscellanea...","1912-01-01","Book","Wight, John Green","eng",2,"http://babel.hathitrust.org/cgi/pt?id=loc.ark:/13960/t74t7690d"
416,"loc.ark:/13960/t1bk23b7w","Sketches beyond the sea /","1879-01-01","Book","Wilkie, Franc B.","eng",2,"http://babel.hathitrust.org/cgi/pt?id=loc.ark:/13960/t1bk23b7w"
417,"yale.39002014976030","Travels in Italy, Greece, and the Ionian islands.","1820-01-01","Book","Williams, Hugh William","eng",2,"http://babel.hathitrust.org/cgi/pt?id=yale.39002014976030"
418,"loc.ark:/13960/t6640dz3n","Europe from May to December,","1895-01-01","Book","Williams, Rudolph","eng",2,"http://babel.hathitrust.org/cgi/pt?id=loc.ark:/13960/t6640dz3n"
419,"loc.ark:/13960/t9z03n92z","Old world scenes /","1867-01-01","Book","Williams, Charles","eng",2,"http://babel.hathitrust.org/cgi/pt?id=loc.ark:/13960/t9z03n92z"
420,"loc.ark:/13960/t1pg2bx22","John and Betty's Scotch history visit,","1912-01-01","Book","Williamson, Margaret","eng",2,"http://babel.hathitrust.org/cgi/pt?id=loc.ark:/13960/t1pg2bx22"
421,"loc.ark:/13960/t9377vz62","Famous persons and places.","1854-01-01","Book","Willis, Nathaniel Parker","eng",2,"http://babel.hathitrust.org/cgi/pt?id=loc.ark:/13960/t9377vz62"
422,"uc2.ark:/13960/t03x89t2h","Wilson's tales of the borders and of Scotland :","1857-01-01","Book","Wilson, John Mackay","eng",2,"http://babel.hathitrust.org/cgi/pt?id=uc2.ark:/13960/t03x89t2h"
423,"uc2.ark:/13960/t0gt5th2x","The recreations of Christopher North","1854-01-01","Book","Wilson, John","eng",2,"http://babel.hathitrust.org/cgi/pt?id=uc2.ark:/13960/t0gt5th2x"
424,"nc01.ark:/13960/t0rr2q686","Essays critical and imaginative,","1856-01-01","Book","Wilson, John","eng",2,"http://babel.hathitrust.org/cgi/pt?id=nc01.ark:/13960/t0rr2q686"
425,"uc2.ark:/13960/t1dj5gr4s","Wilson's tales of the borders and of Scotland :","1857-01-01","Book","Wilson, John Mackay","eng",2,"http://babel.hathitrust.org/cgi/pt?id=uc2.ark:/13960/t1dj5gr4s"
426,"uc2.ark:/13960/t21c21s79","Wilson's tales of the borders and of Scotland :","1857-01-01","Book","Wilson, John Mackay","eng",2,"http://babel.hathitrust.org/cgi/pt?id=uc2.ark:/13960/t21c21s79"
427,"uc2.ark:/13960/t22b92q40","Wilson's tales of the borders and of Scotland :","1857-01-01","Book","Wilson, John Mackay","eng",2,"http://babel.hathitrust.org/cgi/pt?id=uc2.ark:/13960/t22b92q40"
428,"uc2.ark:/13960/t2f76dq89","Wilson's tales of the borders and of Scotland :","1857-01-01","Book","Wilson, John Mackay","eng",2,"http://babel.hathitrust.org/cgi/pt?id=uc2.ark:/13960/t2f76dq89"
429,"uc2.ark:/13960/t34171f1k","Wilson's tales of the borders and of Scotland :","1857-01-01","Book","Wilson, John Mackay","eng",2,"http://babel.hathitrust.org/cgi/pt?id=uc2.ark:/13960/t34171f1k"
430,"uc2.ark:/13960/t3gx4j36n","The Foresters.","1845-01-01","Book","Wilson, John","eng",2,"http://babel.hathitrust.org/cgi/pt?id=uc2.ark:/13960/t3gx4j36n"
431,"uc2.ark:/13960/t3nv9hj3c","Noctes ambrosianæ,","1864-01-01","Book","Wilson, John","eng",2,"http://babel.hathitrust.org/cgi/pt?id=uc2.ark:/13960/t3nv9hj3c"
432,"uc2.ark:/13960/t3nv9hp0q","Wilson's tales of the borders and of Scotland :","1857-01-01","Book","Wilson, John Mackay","eng",2,"http://babel.hathitrust.org/cgi/pt?id=uc2.ark:/13960/t3nv9hp0q"
433,"uc2.ark:/13960/t40r9tf4k","Wilson's tales of the borders and of Scotland :","1857-01-01","Book","Wilson, John Mackay","eng",2,"http://babel.hathitrust.org/cgi/pt?id=uc2.ark:/13960/t40r9tf4k"
434,"uiuo.ark:/13960/t4xh0bw1q","Wilson's historical, traditionary, and imaginative tales of the borders, and of Scotland :","1900-01-01","Book","Wilson, John Mackay","eng",2,"http://babel.hathitrust.org/cgi/pt?id=uiuo.ark:/13960/t4xh0bw1q"
435,"uc2.ark:/13960/t55d8vt1g","Wilson's tales of the borders and of Scotland :","1857-01-01","Book","Wilson, John Mackay","eng",2,"http://babel.hathitrust.org/cgi/pt?id=uc2.ark:/13960/t55d8vt1g"
436,"uc2.ark:/13960/t57d2xk6x","The works of Professor Wilson of the University of Edinburgh,","1855-01-01","Book","Wilson, John","eng",2,"http://babel.hathitrust.org/cgi/pt?id=uc2.ark:/13960/t57d2xk6x"
437,"uc2.ark:/13960/t5h995s16","Noctes ambrosianæ,","1864-01-01","Book","Wilson, John","eng",2,"http://babel.hathitrust.org/cgi/pt?id=uc2.ark:/13960/t5h995s16"
438,"uc2.ark:/13960/t5v69bm8g","Tales of the borders and of Scotland :","1857-01-01","Book","Wilson, John Mackay","eng",2,"http://babel.hathitrust.org/cgi/pt?id=uc2.ark:/13960/t5v69bm8g"
439,"uc2.ark:/13960/t6639n76n","Memoir of George Wilson ...","1860-01-01","Book","Wilson, Jessie A.","eng",2,"http://babel.hathitrust.org/cgi/pt?id=uc2.ark:/13960/t6639n76n"
440,"nc01.ark:/13960/t6h13x17k","Essays critical and imaginative,","1856-01-01","Book","Wilson, John","eng",2,"http://babel.hathitrust.org/cgi/pt?id=nc01.ark:/13960/t6h13x17k"
441,"loc.ark:/13960/t6sx6st1x","Leaves from my diary, containing incidents connected with a sea voyage taken May 20, 1899, from New York to Naples.","1900-01-01","Book","Wilson, Julia Virginia (Phelps)","eng",2,"http://babel.hathitrust.org/cgi/pt?id=loc.ark:/13960/t6sx6st1x"
442,"uc2.ark:/13960/t6zw1hc4j","Noctes ambrosianæ,","1864-01-01","Book","Wilson, John","eng",2,"http://babel.hathitrust.org/cgi/pt?id=uc2.ark:/13960/t6zw1hc4j"
443,"uc2.ark:/13960/t78s4xx1d","Critical and miscellaneous essays.","1842-01-01","Book","Wilson, John","eng",2,"http://babel.hathitrust.org/cgi/pt?id=uc2.ark:/13960/t78s4xx1d"
444,"uc2.ark:/13960/t85h7kf1q","Noctes ambrosianæ,","1864-01-01","Book","Wilson, John","eng",2,"http://babel.hathitrust.org/cgi/pt?id=uc2.ark:/13960/t85h7kf1q"
445,"loc.ark:/13960/t21c2nr4v","The gospel of foreign travel.","1891-01-01","Book","Winchester, C. W.","eng",2,"http://babel.hathitrust.org/cgi/pt?id=loc.ark:/13960/t21c2nr4v"
446,"loc.ark:/13960/t82j73z31","Brown heath and blue bells :","1895-01-01","Book","Winter, William","eng",2,"http://babel.hathitrust.org/cgi/pt?id=loc.ark:/13960/t82j73z31"
447,"loc.ark:/13960/t2r509s2w","Saunterings in Europe.","1882-01-01","Book","Wood, Charles","eng",2,"http://babel.hathitrust.org/cgi/pt?id=loc.ark:/13960/t2r509s2w"
448,"loc.ark:/13960/t59c7mq9m","A Wall-Street bear in Europe :","1855-01-01","Book","Young, Samuel","eng",2,"http://babel.hathitrust.org/cgi/pt?id=loc.ark:/13960/t59c7mq9m"
449,"454Ptx","Reheated Cabbage","2009-01-01","short stories","Welsh, Irvine",NULL,3,"http://www.randomhouse.co.uk/authors/irvine-welsh"
450,"756Wtx","The Complete Short Stories","2001-01-01","short stories","Spark, Muriel",NULL,3,"http://www.muriel-spark.com"
451,"AndtheLandLayStill","And the Land Lay Still","2011-01-01","novel","Robertson, James",NULL,3,"http://www.penguin.co.uk"
452,"BertiePlaystheBlues","Bertie Plays the Blues","2011-01-01","novel","McCall Smith, Alexander",NULL,3,"http://www.alexandermccallsmith.co.uk"
453,"BertiesGuidetoLifeandMothers","Bertie's Guide to Life and Mothers","2013-01-01","novel","McCall Smith, Alexander",NULL,3,"http://www.alexandermccallsmith.co.uk"
454,"CandlemakerRow","Candlemaker Row","2015-01-01","short story","Alexander, Jane",NULL,3,"http://janealexander.net"
455,"CrimePages","Crime","2008-01-01","novel","Welsh, Irvine",NULL,3,"http://www.randomhouse.co.uk/authors/irvine-welsh"
456,"EspressoTales","Espresso Tales","2006-01-01","novel","McCall Smith, Alexander",NULL,3,"http://www.alexandermccallsmith.co.uk"
457,"FINALThePrimeofMissJeanBrodie","The Prime of Miss Jean Brodie","1961-01-01","novel","Spark, Muriel",NULL,3,"http://www.muriel-spark.com"
458,"FriendsLoversChocolate","Friends, Lovers, Chocolate","2005-01-01","novel","McCall Smith, Alexander",NULL,3,"http://www.alexandermccallsmith.co.uk"
459,"GhostMoon","Ghost Moon","2014-01-01","novel","Butlin, Ron",NULL,3,"http://www.saltpublishing.com"
460,"Johnstone_GoneAgain","Gone Again","2013-01-01","novel","Johnstone, Doug",NULL,3,"http://www.faber.co.uk"
461,"Johnstone_HitandRun","Hit and Run","2012-01-01","novel","Johnstone, Doug",NULL,3,"http://www.faber.co.uk"
462,"Johnstone_Smokeheads","Smokeheads","2011-01-01","novel","Johnstone, Doug",NULL,3,"http://www.faber.co.uk"
463,"Johnstone_TheDeadBeat","The Dead Beat","2014-01-01","novel","Johnstone, Doug",NULL,3,"http://www.faber.co.uk"
464,"Johnstone_TheOssians","The Ossians","2008-01-01","novel","Johnstone, Doug",NULL,3,"http://www.faber.co.uk"
465,"Johnstone_Tombstoning","Tombstoning","2006-01-01","novel","Johnstone, Doug",NULL,3,"http://www.faber.co.uk"
466,"MccallSmith_44ScotlandStreet","44 Scotland Street","2005-01-01","novel","McCall Smith, Alexander",NULL,3,"http://www.alexandermccallsmith.co.uk"
467,"Skagboys","Skagboys","2012-01-01","novel","Welsh, Irvine",NULL,3,"http://www.randomhouse.co.uk/authors/irvine-welsh"
468,"Spark_CurriculumVitae","Curriculum Vitae: A Volume of Autobiography","1992-01-01","autobiography","Spark, Muriel",NULL,3,"http://www.muriel-spark.com"
469,"SparkAllThePoems","All the Poems","2004-01-01","poems","Spark, Muriel",NULL,3,"http://www.muriel-spark.com"
470,"SparkGoldenFleecetextpress","The Golden Fleece","2014-01-01","essays","Spark, Muriel",NULL,3,"http://www.muriel-spark.com"
471,"SunshineonScotlandStreet","Sunshine on Scotland Street","2012-01-01","novel","McCall Smith, Alexander",NULL,3,"http://www.alexandermccallsmith.co.uk"
472,"TheCarefulUseofCompliments","The Careful Use of Compliments","2007-01-01","novel","McCall Smith, Alexander",NULL,3,"http://www.alexandermccallsmith.co.uk"
473,"TheCharmingQuirksofOthers","The Charming Quirks of Others","2010-01-01","novel","McCall Smith, Alexander",NULL,3,"http://www.alexandermccallsmith.co.uk"
474,"TheComfortofSaturdays","The Comfort of Saturdays","2008-01-01","novel","McCall Smith, Alexander",NULL,3,"http://www.alexandermccallsmith.co.uk"
475,"TheExistentialDetective","The Existential Detective","2014-01-01","novel","Thompson, Alice",NULL,3,"http://www.saltpublishing.com"
476,"TheForgottenAffairsofYouth","The Forgotten Affairs of Youth","2011-01-01","novel","McCall Smith, Alexander",NULL,3,"http://www.alexandermccallsmith.co.uk"
477,"TheImportanceofBeingSeven","The Importance of Being Seven","2010-01-01","novel","McCall Smith, Alexander",NULL,3,"http://www.alexandermccallsmith.co.uk"
478,"TheLostArtofGratitude","The Lost Art of Gratitude","2009-01-01","novel","McCall Smith, Alexander",NULL,3,"http://www.alexandermccallsmith.co.uk"
479,"TheMagiciansofEdinburgh","The Magicians of Edinburgh","2012-01-01","poems","Butlin, Ron",NULL,3,"http://www.birlinn.co.uk"
480,"TheRightAttitudetoRain","The Right Attitude to Rain","2006-01-01","novel","McCall Smith, Alexander",NULL,3,"http://www.alexandermccallsmith.co.uk"
481,"TheSundayPhilosophyClub","The Sunday Philosophy Club","2004-01-01","novel","McCall Smith, Alexander",NULL,3,"http://www.alexandermccallsmith.co.uk"
482,"TheTestamentofGideonMack","The Testament of Gideon Mack","2007-01-01","novel","Robertson, James",NULL,3,"http://www.penguin.co.uk"
483,"TheUnbearableLightnessofScones","The Unbearable Lightness of Scones","2008-01-01","novel","McCall Smith, Alexander",NULL,3,"http://www.alexandermccallsmith.co.uk"
484,"TheUncommonAppealofClouds","The Uncommon Appeal of Clouds","2012-01-01","novel","McCall Smith, Alexander",NULL,3,"http://www.alexandermccallsmith.co.uk"
485,"TheWaiting","The Waiting","2012-01-01","novel","Claire, Regi",NULL,3,"http://www.word-power.co.uk"
486,"TheWorldAccordingtoBertie","The World According to Bertie","2007-01-01","novel","McCall Smith, Alexander",NULL,3,"http://www.alexandermccallsmith.co.uk"
487,"Welsh_Ecstasy","Ecstasy: Three Tales of Chemical Romance","1996-01-01","short stories","Welsh, Irvine",NULL,3,"http://www.randomhouse.co.uk/authors/irvine-welsh"
488,"Welsh_Filth","Filth","1998-01-01","novel","Welsh, Irvine",NULL,3,"http://www.randomhouse.co.uk/authors/irvine-welsh"
489,"Welsh_MarabouStorkNightmares","Marabou Stork Nightmares","1995-01-01","novel","Welsh, Irvine",NULL,3,"http://www.randomhouse.co.uk/authors/irvine-welsh"
490,"Welsh_Porno","Porno","2002-01-01","novel","Welsh, Irvine",NULL,3,"http://www.randomhouse.co.uk/authors/irvine-welsh"
491,"Welsh_Trainspotting","Trainspotting","1993-01-01","novel","Welsh, Irvine",NULL,3,"http://www.randomhouse.co.uk/authors/irvine-welsh"
492,"75946050","Highland monthly","1892-01-01",NULL,"Anonymous","eng",4,"http://digital.nls.uk/75946050"
493,"78785287","Darien papers","1695-01-01",NULL,"Anonymous","eng",5,"http://digital.nls.uk/78785287"
494,"78790884","Book editions","1893-01-01",NULL,"Anonymous","eng",6,"http://digital.nls.uk/78790884"
495,"80083263","Leaves from my autography","1876-01-01",NULL,"Anonymous","eng",5,"http://digital.nls.uk/80083263"
496,"80261802","Letters and papers relating to Patrick, Master of Gray, afterwards seventh Lord Gray",NULL,NULL,"Anonymous","eng",5,"http://digital.nls.uk/80261802"
497,"81712809","Reminiscences of Scottish life and character","1861-01-01",NULL,"Anonymous","eng",4,"http://digital.nls.uk/81712809"
498,"81908351","Scottish eccentrics","1936-01-01",NULL,"Anonymous","eng",4,"http://digital.nls.uk/81908351"
499,"81993212","Selections from the family papers preserved at Caldwell",NULL,NULL,"Anonymous","eng",5,"http://digital.nls.uk/81993212"
500,"82551411","Boswelliana","1876-01-01",NULL,"Anonymous","eng",5,"http://digital.nls.uk/82551411"
501,"91280314","Ninety years of work and play","1914-01-01",NULL,"Anonymous","eng",7,"http://digital.nls.uk/91280314"
502,"94906406","Perthshire in bygone days","1879-01-01",NULL,"Anonymous","eng",8,"http://digital.nls.uk/94906406"
503,"95163602","Arniston memoirs","1887-01-01",NULL,"Anonymous","eng",8,"http://digital.nls.uk/95163602"
504,"95700091","John Leech and other papers",NULL,NULL,"Anonymous","eng",8,"http://digital.nls.uk/95700091"
505,"95743043","Memoir of James Wyld of Gilston, and his family","1889-01-01",NULL,"Anonymous","eng",8,"http://digital.nls.uk/95743043"
506,"99396143","Books",NULL,NULL,"Anonymous","eng",6,"http://digital.nls.uk/99396143"
507,"4530","A tour thro' the whole island of Great Britain: Divided into circuits or journeys. Giving a particular and entertaining account of whatever is curious, and worth observation; ... By a gentleman. ... [pt.4]","1742-01-01",NULL,"Defoe, Daniel","eng",9,"http://ota.ox.ac.uk/id/4530"
508,"3083","The Pickwick Papers",NULL,NULL,"Dickens, Charles","eng",9,"http://ota.ox.ac.uk/id/3083"
509,"4747","Travels, in various parts of Europe, Asia, and Africa, during a series of thirty years and upwards. By John MacDonald,","1790-01-01",NULL,"MacDonald, John","eng",9,"http://ota.ox.ac.uk/id/4747"
510,"5284","A tour in Scotland: MDCCLXIX.","1771-01-01",NULL,"Pennant, Thomas","eng",9,"http://ota.ox.ac.uk/id/5284"
511,"3051","The antiquary",NULL,NULL,"Scott, Walter","eng",9,"http://ota.ox.ac.uk/id/3051"
512,"3130","The wrecker","1896-01-01",NULL,"Stevenson, Robert Louis","eng",9,"http://ota.ox.ac.uk/id/3130"
513,"5148","Memoirs of his own life: by Tate Wilkinson, ... In four volumes. ... [pt.3]","1790-01-01",NULL,"Wilkinson, Tate","eng",9,"http://ota.ox.ac.uk/id/5148"
514,"21738","Hunted and Harried",NULL,NULL,"Ballantyne, R. M. (Robert Michael)","eng",10,"http://www.gutenberg.org/ebooks/21738"
515,"10046","Salute to Adventurers","1798-01-01",NULL,"Buchan, John","eng",10,"http://www.gutenberg.org/ebooks/10046"
516,"40014","John Burnet of Barns: A Romance","1899-01-01",NULL,"Buchan, John","eng",10,"http://www.gutenberg.org/ebooks/40014"
517,"42843","Life and Correspondence of David Hume, Volume I (of 2)",NULL,NULL,"Burton, John Hill","eng",10,"http://www.gutenberg.org/ebooks/42843"
518,"33319","Zigzag Journeys in Europe: Vacation Rambles in Historic Lands","1882-01-01",NULL,"Butterworth, Hezekiah","eng",10,"http://www.gutenberg.org/ebooks/33319"
519,"23736","The Dew of Their Youth","1910-01-01",NULL,"Crockett, Samuel Rutherford","eng",10,"http://www.gutenberg.org/ebooks/23736"
520,"12549","Recollections of a Long Life; An Autobiography","1902-01-01",NULL,"Cuyler, Theodore L. (Theodore Ledyard)","eng",10,"http://www.gutenberg.org/ebooks/12549"
521,"13152","The Firm of Girdlestone",NULL,NULL,"Doyle, Arthur Conan","eng",10,"http://www.gutenberg.org/ebooks/13152"
522,"42770-0","The Story of My Life, volumes 4-6","1900-01-01",NULL,"Hare, Augustus J. C. (Augustus John Cuthbert)","eng",10,"http://www.gutenberg.org/ebooks/42770"
523,"2276","The Private Memoirs and Confessions of a Justified Sinner","1687-01-01",NULL,"Hogg, James","eng",10,"http://www.gutenberg.org/ebooks/2276"
524,"28366","Nancy Stair: A Novel","1904-01-01",NULL,"Lane, Elinor Macartney","eng",10,"http://www.gutenberg.org/ebooks/28366"
525,"14416","Stories of the Border Marches","1916-01-01",NULL,"Lang, John","eng",10,"http://www.gutenberg.org/ebooks/14416"
526,"jnasm10","James Nasmyth, Engineer: An Autobiography","1897-01-01",NULL,"Nasmyth, James","eng",10,"http://www.gutenberg.org/ebooks/476"
527,"20034-8","Scottish Ghost Stories","1911-01-01",NULL,"O'Donnell, Elliott","eng",10,"http://www.gutenberg.org/ebooks/20034"
528,"33883-8","Friend Mac Donald","1887-01-01",NULL,"O'Rell, Max","eng",10,"http://www.gutenberg.org/ebooks/33883"
529,"25701","Royal Edinburgh; Her Saints, Kings, Prophets and Poets","1891-01-01",NULL,"Oliphant, Margaret","eng",10,"http://www.gutenberg.org/ebooks/25701"
530,"jrcl810","The Junior Classics - Volume 8: Animal and Nature Stories","1917-01-01",NULL,"Selected and arranged by William Patten","eng",10,"http://www.gutenberg.org/ebooks/8075"
531,"27449-8","Border Ghost Stories","1919-01-01",NULL,"Pease, Howard","eng",10,"http://www.gutenberg.org/ebooks/27449"
532,"39781-8","Cape of Storms","1895-01-01",NULL,"Pollard, Percival","eng",10,"http://www.gutenberg.org/ebooks/39781"
533,"41001","The Red Room","1907-01-01",NULL,"Le Queux, William","eng",10,"http://www.gutenberg.org/ebooks/41001"
534,"39982","The Weird of the Wentworths, Vol. 1; A Tale of George IV's Time",NULL,NULL,"Scotus, Johannes","eng",10,"http://www.gutenberg.org/ebooks/39982"
535,"41445","Frankenstein; Or, The Modern Prometheus","1818-01-01",NULL,"Shelley, Mary Wollstonecraft","eng",10,"http://www.gutenberg.org/ebooks/41445"
536,"3814","Robert Louis Stevenson","1906-01-01",NULL,"Simpson, E. Blantyre (Evelyn Blantyre)","eng",10,"http://www.gutenberg.org/ebooks/3814"
537,"32811","Holiday House: A Series of Tales","1839-01-01",NULL,"Sinclair, Catherine","eng",10,"http://www.gutenberg.org/ebooks/32811"
538,"2160","The Expedition of Humphry Clinker",NULL,NULL,"Smollett, T. (Tobias)","eng",10,"http://www.gutenberg.org/ebooks/2160"
539,"slfrs10","Self-Raised; Or, From the Depths",NULL,NULL,"Southworth, Emma Dorothy Eliza Nevitte","eng",10,"http://www.gutenberg.org/ebooks/6376"
540,"4224","Mr. Hogarth's Will",NULL,NULL,"Spence, Catherine Helen","eng",10,"http://www.gutenberg.org/ebooks/4224"
541,"14133-8","David Balfour; Being Memoirs Of His Adventures At Home And Abroad, The Second Part: In Which Are Set Forth His Misfortunes Anent The Appin Murder; His Troubles With Lord Advocate Grant; Captivity On The Bass Rock; Journey Into Holland And France; And Singular Relations With James More Drummond Or Macgregor, A Son Of The Notorious Rob Roy, And His Daughter Catriona","1905-01-01",NULL,"Stevenson, Robert Louis","eng",10,"http://www.gutenberg.org/ebooks/14133"
542,"14133","David Balfour; Being Memoirs Of His Adventures At Home And Abroad, The Second Part: In Which Are Set Forth His Misfortunes Anent The Appin Murder; His Troubles With Lord Advocate Grant; Captivity On The Bass Rock; Journey Into Holland And France; And Singular Relations With James More Drummond Or Macgregor, A Son Of The Notorious Rob Roy, And His Daughter Catriona","1905-01-01",NULL,"Stevenson, Robert Louis","eng",10,"http://www.gutenberg.org/ebooks/14133"
543,"15693","T. De Witt Talmage; As I Knew Him","1912-01-01",NULL,"Talmage, Eleanor McCutcheon","eng",10,"http://www.gutenberg.org/ebooks/15693"
544,"12326","The Story of My Life; Recollections and Reflections","1909-01-01",NULL,"Terry, Ellen","eng",10,"http://www.gutenberg.org/ebooks/12326"
545,"1355","The Underground City; Or, The Black Indies; (Sometimes Called The Child of the Cavern)",NULL,NULL,"Verne, Jules","eng",10,"http://www.gutenberg.org/ebooks/1355"
546,"1217","Penelope's Experiences in Scotland; Being Extracts from the Commonplace Book of Penelope Hamilton","1913-01-01",NULL,"Wiggin, Kate Douglas Smith","eng",10,"http://www.gutenberg.org/ebooks/1217"
547,"life","Life of Sir Walter Scott,","1870-01-01","Book","Lockhart, J. G.","eng",11,"http://babel.hathitrust.org/cgi/pt?id=loc.ark:/13960/t9x070z1b"
548,"abbot","The Abbot","1820-01-01","Book","Scott, Walter","eng",11,"http://babel.hathitrust.org/cgi/pt?id=uiuo.ark:/13960/t0zp4rz7x"
549,"antiquary","The antiquary",NULL,NULL,"Scott, Walter","eng",11,"http://ota.ox.ac.uk/id/3051"
550,"chronicles","Chronicles of the Canongate","1827-01-01",NULL,"Scott, Walter","eng",11,"http://www.gutenberg.org/ebooks/1828"
551,"grandfather","Tales of a Grandfather","1865-01-01",NULL,"Scott, Walter","eng",11,"https://historicaltexts.jisc.ac.uk/bl-003318070"
552,"guy","Guy Mannering","1868-01-01","Book","Scott, Walter","eng",11,"http://babel.hathitrust.org/cgi/pt?id=loc.ark:/13960/t39031p4v"
553,"heart","The Heart of Midlothian","1818-01-01","novel","Scott, Walter",NULL,11,NULL
554,"journal","The Journal of Sir Walter Scott","1891-01-01","Book","Scott, Walter","eng",11,"http://babel.hathitrust.org/cgi/pt?id=uc2.ark:/13960/t7jq0vz0t"
555,"mortality","Old Mortality ... With sixteen illustrations by Sidney Paget","1898-01-01",NULL,"Scott, Walter","eng",11,"https://historicaltexts.jisc.ac.uk/bl-003317922"
556,"nigel","The Fortunes of Nigel","1880-01-01","Book","Scott, Walter","eng",11,"http://babel.hathitrust.org/cgi/pt?id=uc2.ark:/13960/t9862md7s"
557,"redgauntlet","Redgauntlet","1852-01-01",NULL,"Scott, Walter","eng",11,"https://historicaltexts.jisc.ac.uk/bl-003317067-18"
558,"waverley","Waverley","1814-01-01","novel","Scott, Walter",NULL,11,NULL
